Step,Agent,Horizon,Chosen_Action,Sample_Q
0,0,1,4,[-11.27082869  31.47705983  36.997844   -50.95483812 -10.53051477]
0,0,2,4,[-10.91375737  31.25056321  37.38476784 -49.96007623 -10.24838354]
0,0,3,4,[-10.55805866  30.9578531   37.77363602 -48.89801485  -9.93507478]
0,0,4,4,[-10.20409133  30.59136617  38.16445832 -47.76162502  -9.58644674]
0,0,5,4,[ -9.85225507  30.14269771  38.55724454 -46.54312475  -9.2094732 ]
0,0,6,4,[ -9.502995    29.60250809  38.95200456 -45.23389839  -8.80006133]
0,1,1,2,[35.91923553 37.40835151 36.66513034 37.99871944 37.25878594]
0,1,2,2,[36.19124624 37.73470844 36.73083813 38.3906728  37.56852448]
0,1,3,2,[36.4518996  38.05574649 37.13042855 38.78459578 37.87109764]
0,1,4,2,[36.81083585 38.37066572 37.53629557 39.18049827 38.16550034]
0,1,5,2,[37.1676542  38.67857628 37.93775994 39.57839022 38.45061474]
0,1,6,2,[37.52190827 38.97848836 38.4445543  39.97828163 38.72519776]
0,2,1,3,[34.26052801 36.06306551 33.65664164 36.45040591 35.88841712]
0,2,2,3,[34.51249224 36.40420058 33.66653625 36.8345788  36.21014682]
0,2,3,3,[34.75169715 36.74248419 34.01811242 37.22068221 36.5268689 ]
0,2,4,3,[35.08763133 37.07739471 34.37993849 37.60872584 36.83782216]
0,2,5,3,[35.41972553 37.40835151 34.74155418 37.99871944 37.14215979]
0,2,6,3,[35.74734624 37.73470844 35.21301171 38.3906728  37.43893986]
0,3,1,2,[38.09947386 36.82433516 37.90361601 36.38325277 37.38458855]
0,3,2,2,[38.49193353 36.91822045 38.06191301 36.40122826 37.6999123 ]
0,3,3,4,[38.88636536 37.09122567 38.2076833  36.49031243 38.00968676]
0,3,4,4,[39.28277925 37.24081765 38.55920788 36.76930631 38.4226065 ]
0,3,5,4,[39.68118518 37.36418064 39.02549314 37.03687663 38.83880798]
0,3,6,4,[40.08159314 37.68040723 39.49350014 37.40265204 39.25844179]
0,4,1,2,[44.24462921 36.56903838 50.         45.88509261 41.15369403]
0,4,2,2,[44.4384769  36.62940715 50.         45.92788068 41.17773737]
0,4,3,2,[44.65386322 37.01851366 50.         45.97542298 41.34318917]
0,4,4,2,[44.78207024 37.40476242 50.         46.02824775 41.52253473]
0,4,5,2,[44.92452249 37.78697107 50.         46.08694195 41.93904118]
0,4,6,2,[45.08280277 38.27525213 50.         46.15215772 42.39628319]
1,0,1,2,[-17.89460446  29.85801433  30.2853396  -17.68183038 -19.04400371]
1,0,2,2,[-17.56140559  30.1637264   30.63853226 -17.50946277 -18.81318723]
1,0,3,2,[-17.2286534   30.4659377   30.99349976 -17.30153139 -18.5732375 ]
1,0,4,2,[-16.89658583  30.76407094  31.35025101 -17.06658836 -18.32084947]
1,0,5,2,[-16.56546817  31.0574838   31.70879499 -16.80387115 -18.05207568]
1,0,6,2,[-16.23559615  31.34546159  32.06914069 -16.52359169 -17.77395256]
1,1,1,2,[29.98261786 32.22764024 30.49602826 32.34919176 32.05811363]
1,1,2,2,[30.19434009 32.57769829 30.42986753 32.71275554 32.3893354 ]
1,1,3,2,[30.50212911 32.92808266 30.70610151 33.07814627 32.71879056]
1,1,4,2,[30.80535407 33.27863579 30.98132895 33.44537313 33.04608901]
1,1,5,2,[31.10331306 33.62918165 31.36498591 33.81444536 33.37079634]
1,1,6,2,[31.50633634 33.97952365 31.75637209 34.18537222 33.69242886]
1,2,1,2,[23.71216414 26.21186212 27.4236502  26.23010635 26.02150863]
1,2,2,2,[23.81296963 26.47930071 27.16306815 26.49957208 26.26779684]
1,2,3,2,[24.0285524  26.76892027 27.23444709 26.79144401 26.53391596]
1,2,4,2,[24.2617727  27.08440367 27.29428383 27.10943005 26.82328778]
1,2,5,2,[24.50425417 27.41828858 27.45204154 27.44609567 27.12815981]
1,2,6,3,[24.84964133 27.75412401 27.6072134  27.78502078 27.43175871]
1,3,1,2,[32.19335185 31.7892165  33.32455442 29.91018318 32.59357676]
1,3,2,2,[32.49154142 32.04622904 33.16804814 30.07930647 32.60425221]
1,3,3,2,[32.83002998 32.29244839 33.10015202 30.22903695 32.72502238]
1,3,4,2,[33.17952602 32.52647757 33.35217436 30.35702797 32.8565726 ]
1,3,5,2,[33.5402458  32.74676337 33.61373474 30.57178231 32.98786619]
1,3,6,2,[33.90979477 33.06269014 33.88484281 30.99385762 33.22933463]
2,0,1,2,[-25.69561041  22.28465687  22.31874309 -19.75457282 -22.50979398]
2,0,2,2,[-25.38404573  22.59402903  22.6319026  -19.76974513 -22.40411891]
2,0,3,2,[-25.07108459  22.90455403  22.94663578 -19.76303272 -22.28931883]
2,0,4,2,[-24.75673876  23.21619303  23.26295053 -19.73164387 -22.17420832]
2,0,5,2,[-24.44102219  23.52890203  23.58085481 -19.6818482  -22.05691504]
2,0,6,2,[-24.12395118  23.84263128  23.90035659 -19.63336371 -21.9469786 ]
2,1,1,2,[28.15335063 30.51790743 27.41528174 33.80941302 30.51603582]
2,1,2,2,[27.95629687 30.5835822  27.15915166 33.60719421 30.58150263]
2,1,3,2,[27.84138959 30.64948441 27.23579786 33.67417086 30.64717378]
2,1,4,2,[27.93250229 30.71927431 27.3137788  33.70671086 30.71670694]
2,1,5,2,[28.02263653 30.78571655 27.50561067 33.81188857 30.78286391]
2,1,6,2,[28.11491507 30.85167065 27.70268857 33.88645224 30.84850106]
2,2,1,3,[26.8756878  29.34641951 23.94310073 33.79853861 29.44539149]
2,2,2,3,[26.53357048 29.27882794 23.77234438 33.6365723  29.3887968 ]
2,2,3,3,[26.25273851 29.19191347 23.93672885 33.7484823  29.31410109]
2,2,4,3,[26.15419838 29.08661499 24.10347543 33.83115762 29.22237902]
2,2,5,3,[26.02770496 28.95261231 24.38369899 33.99225171 29.10346123]
2,2,6,3,[25.87270569 28.78926942 24.66736717 34.12915618 28.95687933]
2,3,1,4,[25.9460068  25.11583565 28.46334405 24.58382897 30.78526654]
2,3,2,4,[26.16661529 25.12050753 28.63032335 24.53888818 30.48476877]
2,3,3,4,[26.31187372 25.31214529 28.8271049  24.56433739 30.37819942]
2,3,4,4,[26.46179707 25.60023205 29.03427615 24.77892929 30.48690904]
2,3,5,4,[26.72749285 25.88419256 29.25246961 24.98127706 30.60056319]
2,3,6,4,[27.01018609 26.27449789 29.48238249 25.28095002 30.71921441]
3,1,1,2,[24.07231491 26.5224409  26.00501037 27.43331941 26.34480913]
3,1,2,2,[24.19940078 26.81065188 26.23572907 27.2932022  26.61328325]
3,1,3,2,[24.4301495  27.10931738 26.47051427 27.4975393  26.89001891]
3,1,4,2,[24.66485736 27.41948834 26.7097071  27.70292498 27.17582337]
3,1,5,2,[24.89231235 27.73079122 26.9421454  28.01869731 27.46005236]
3,1,6,2,[25.22181945 28.04235153 27.16607839 28.34394575 27.74153057]
3,2,1,3,[24.51306432 26.97108984 25.96984396 28.02866355 26.83411897]
3,2,2,3,[24.61949223 27.23952058 26.12702516 27.95285595 27.08733073]
3,2,3,3,[24.8196915  27.5086119  26.27250587 28.22915657 27.33951206]
3,2,4,3,[25.01194076 27.77740786 26.40395673 28.51520862 27.58951915]
3,2,5,3,[25.18265835 28.03317735 26.50712054 28.92156047 27.82441212]
3,2,6,3,[25.43836878 28.27227878 26.5766601  29.34869947 28.04031741]
3,3,1,2,[40.77554137 41.97336825 34.37849953 31.79871942 49.08759982]
3,3,2,2,[40.35761142 41.68853018 33.74228534 31.18049894 48.98622202]
3,3,3,2,[39.90513479 41.38393342 33.18302684 30.65217621 48.87358002]
3,3,4,2,[39.5267052  41.05870367 32.57861362 30.21589228 48.74842225]
3,3,5,2,[39.23201798 40.71201629 32.0368573  29.98411032 48.60935805]
3,3,6,4,[39.03200885 40.34311808 31.56660946 29.74729783 48.45484228]
4,1,1,2,[19.26393358 21.69450576 21.66107416 24.31361837 21.62246038]
4,1,2,2,[19.2063359  21.79586056 21.75871432 23.98138172 21.71581013]
4,1,3,2,[19.14175585 21.90789435 21.86662076 23.98690148 21.81894944]
4,1,4,2,[19.18105726 22.03232226 21.98646272 23.98741383 21.93349458]
4,1,5,2,[19.21356958 22.15941958 22.10846453 24.09310148 22.04961105]
4,1,6,2,[19.34908512 22.28891847 22.23230174 24.20413645 22.16690898]
4,2,1,3,[21.39069881 23.71903617 23.4645329  25.22086462 23.59228789]
4,2,2,3,[21.46432872 23.94025911 23.6574777  24.97687334 23.79942769]
4,2,3,3,[21.53530512 24.17522779 23.86102622 25.07951689 24.01874843]
4,2,4,3,[21.71392934 24.42495453 24.07584168 25.18703908 24.25108858]
4,2,5,3,[21.88878504 24.67881302 24.29090986 25.41076638 24.48562863]
4,2,6,3,[22.16869858 24.93539634 24.50439282 25.65217175 24.72074702]
4,3,1,2,[42.57141201 44.47646055 36.94535297 34.39435706 49.81214489]
4,3,2,2,[42.26804573 44.38476633 36.52995363 33.88536013 49.7912721 ]
4,3,3,2,[41.93342013 44.28533191 36.2099146  33.57956555 49.76808012]
4,3,4,2,[41.78655618 44.17756927 35.86460308 33.25775582 49.74231124]
4,3,5,2,[41.62639629 44.06085528 35.71453317 33.14205048 49.71367916]
4,3,6,2,[41.56291006 43.93453115 35.54866516 33.02322701 49.68186573]
5,1,1,2,[23.38787204 24.8270735  29.82679442 30.07071258 18.49072224]
5,1,2,2,[23.40816099 24.67394039 29.41638471 29.68975951 18.18518903]
5,1,3,2,[23.34803943 24.53223877 29.2250135  29.4202684  18.0742419 ]
5,1,4,2,[23.2873014  24.38085621 29.25407715 29.36282288 18.06845168]
5,1,5,2,[23.33792118 24.21964875 29.28360357 29.29655097 18.05663272]
5,1,6,2,[23.39047692 24.03684089 29.31351935 29.33149417 18.14901722]
5,2,1,3,[23.56721474 30.06021123 25.91920451 23.92885339 25.93388988]
5,2,2,3,[23.24562213 29.9595245  25.85894409 23.54340334 25.87526117]
5,2,3,3,[22.99188384 30.03080704 25.7844638  23.49083983 25.80259389]
5,2,4,3,[22.81684754 30.070748   25.69749194 23.44000763 25.71763648]
5,2,5,3,[22.61011506 30.1867788  25.58860883 23.50241208 25.61099166]
5,2,6,3,[22.48210092 30.27604448 25.45820512 23.56793854 25.48307493]
5,3,1,2,[43.10362802 45.17430605 37.20925717 35.66949739 49.95224975]
5,3,2,2,[42.84296481 45.14371817 36.85682658 35.23373726 49.94694417]
5,3,3,2,[42.55396127 45.1103539  36.61076048 35.00363906 49.94104908]
5,3,4,2,[42.45575986 45.07397389 36.35212396 34.87095298 49.93449897]
5,3,5,2,[42.4585265  45.03431987 36.30337382 34.83601169 49.92722108]
5,3,6,2,[42.46245414 44.99111344 36.36680271 34.79862747 49.91913454]
6,1,1,2,[-30.38914898  17.61035708  18.05542838 -32.23188224 -33.9691707 ]
6,1,2,2,[-30.14681065  17.85264053  18.3471642  -32.24931904 -34.03985739]
6,1,3,2,[-29.90849491  18.09089529  18.64036603 -32.24010758 -34.07491667]
6,1,4,2,[-29.67480425  18.32451819  18.93504124 -32.21281435 -34.10161279]
6,1,5,2,[-29.44640888  18.55283828  19.23119722 -32.16427218 -34.11732263]
6,1,6,2,[-29.22405424  18.77510927  19.52884143 -32.11439578 -34.13069562]
6,2,1,3,[20.61042694 21.2794787  22.56612571 23.78884878 22.5691493 ]
6,2,2,3,[20.65326155 21.54404388 22.82626018 23.39464784 22.82961972]
6,2,3,3,[20.7072973  22.01729142 23.12174023 23.33362083 23.12547305]
6,2,4,3,[20.97804677 22.49997024 23.4385389  23.27462935 23.44268648]
6,2,5,3,[21.2452276  23.09341395 23.75688553 23.32915518 23.76149395]
6,2,6,3,[21.6193853  23.69854739 24.076783   23.38700327 24.08190347]
6,3,1,2,[43.30088392 45.43749768 37.59035257 36.27696984 49.99283294]
6,3,2,2,[43.05737827 45.43139356 37.23628338 35.88087305 49.9920366 ]
6,3,3,2,[42.78690984 45.4247046  36.98355133 35.69231087 49.99115178]
6,3,4,2,[42.70871535 45.4173762  36.71212918 35.49191084 49.99016865]
6,3,5,2,[42.62194789 45.40934883 36.64320123 35.50158032 49.98907627]
6,3,6,2,[42.63677884 45.40055766 36.56646988 35.51182    49.98786253]
7,1,1,2,[-35.793684    12.20626195  12.2549612  -32.19125196 -33.38787047]
7,1,2,2,[-35.53650128  12.46343867  12.51754895 -32.23638293 -33.43922386]
7,1,3,2,[-35.27859958  12.7213337   12.78145623 -32.25760365 -33.45692255]
7,1,4,2,[-35.020039    12.97988686  13.04668968 -32.26347396 -33.46869719]
7,1,5,2,[-34.76088702  13.23903061  13.31325596 -32.25076214 -33.47242444]
7,1,6,2,[-34.50121932  13.49868915  13.58116177 -32.23924561 -33.47728061]
7,2,1,2,[18.37016506 14.54030779 20.48952105 23.63238201 20.46970532]
7,2,2,2,[18.18187553 14.35666893 20.53671551 23.22607456 20.51469804]
7,2,3,2,[17.98057943 14.40067961 20.59706831 23.15109513 20.57260445]
7,2,4,2,[17.98705017 14.4503909  20.67203781 23.0761503  20.64485575]
7,2,5,2,[17.99039326 14.61804339 20.75149063 23.11259202 20.72128834]
7,2,6,2,[18.10125602 14.79446565 20.83580866 23.15013514 20.80225056]
7,3,1,2,[43.34206448 45.48857484 37.82810726 36.61398016 49.99892426]
7,3,2,2,[43.10242003 45.48743154 37.48832957 36.23749077 49.99880474]
7,3,3,2,[42.83616245 45.48617523 37.25015453 36.06881635 49.99867193]
7,3,4,2,[42.76255848 45.48479491 36.99344025 35.88841399 49.99852437]
7,3,5,2,[42.6807936  45.48327852 36.93922791 35.9179803  49.99836041]
7,3,6,2,[42.70107407 45.48161288 36.87704344 35.94775816 49.99817823]
8,1,1,2,[-40.02152122   7.97846976   7.98659143 -31.99052381 -33.16182835]
8,1,2,2,[-39.78128398   8.21870601   8.22773008 -32.0355994  -33.19817438]
8,1,3,2,[-39.53993514   8.46005373   8.47008048 -32.05761654 -33.2009547 ]
8,1,4,2,[-39.29747974   8.7025079    8.71364872 -32.06537699 -33.19832787]
8,1,5,2,[-39.05392403   8.94606223   8.95844093 -32.05593521 -33.18870378]
8,1,6,2,[-38.8092756    9.19070914   9.20446324 -32.04940353 -33.18191308]
8,2,1,3,[17.8203377  12.7688266  20.0503494  23.61262032 20.03725711]
8,2,2,3,[17.57405543 12.41924433 20.05184621 23.19671382 20.03729922]
8,2,3,3,[17.30944472 12.28341414 20.06254559 23.11110713 20.04638227]
8,2,4,3,[17.246805   12.1366624  20.08358374 23.02442345 20.0656245 ]
8,2,5,3,[17.17472501 12.08961193 20.10447917 23.04792087 20.08452446]
8,2,6,3,[17.20328927 12.0313046  20.12523833 23.07120708 20.10306643]
8,3,1,2,[43.37959959 45.49754624 37.91897793 36.59366975 49.99980066]
8,3,2,2,[43.14402293 45.49729698 37.58611805 36.22332795 49.99977852]
8,3,3,2,[42.88227367 45.49702262 37.3552862  36.06243004 49.99975391]
8,3,4,2,[42.81366628 45.49672066 37.10635069 35.89172057 49.99972656]
8,3,5,2,[42.73743904 45.49638836 37.06036008 35.93322746 49.99969618]
8,3,6,2,[42.76385679 45.4960227  37.00684406 35.97757507 49.99966242]
9,1,1,2,[-43.26731006   4.73268788   4.73454586 -31.93974384 -33.07253196]
9,1,2,2,[-43.04271956   4.95727815   4.95934257 -31.97481233 -33.10899064]
9,1,3,2,[-42.81702234   5.18297511   5.18526891 -31.98499697 -33.11094407]
9,1,4,2,[-42.59021527   5.4097819    5.41233057 -31.97897009 -33.10620727]
9,1,5,2,[-42.36229547   5.63770138   5.64053323 -31.95369336 -33.09278381]
9,1,6,2,[-42.13326036   5.86673615   5.86988264 -31.92923946 -33.08002678]
9,2,1,3,[18.03556626 12.75484648 20.16898588 23.79937421 20.15533034]
9,2,2,3,[17.79284664 12.40871177 20.16331288 23.38951879 20.14814006]
9,2,3,3,[17.53157338 12.27432791 20.16542476 23.30979581 20.14856607]
9,2,4,3,[17.47204125 12.13175113 20.17632056 23.22880265 20.15758869]
9,2,5,3,[17.40283602 12.09225378 20.18536858 23.25777723 20.16455539]
9,2,6,3,[17.43404008 12.0456354  20.19240959 23.28631527 20.16928382]
9,3,1,2,[43.3868292  45.49948293 37.93093426 36.60383797 49.99996306]
9,3,2,2,[43.15203677 45.49942981 37.60307673 36.23219605 49.99995896]
9,3,3,2,[42.89115678 45.49937127 37.37821394 36.06958582 49.9999544 ]
9,3,4,2,[42.82351289 45.49930676 37.13636758 35.8966765  49.99994933]
9,3,5,2,[42.74835359 45.49923567 37.09876173 35.9354091  49.9999437 ]
9,3,6,2,[42.77595504 45.49915735 37.05512686 35.9763078  49.99993745]
10,1,1,2,[-48.73172661  -0.73172674  -0.7316067  -31.76335118 -33.07401581]
10,1,2,2,[-48.53441132  -0.53441147  -0.53427809 -31.80214818 -33.10575674]
10,1,3,2,[-48.33610592  -0.33610608  -0.33595788 -31.81786697 -33.10274193]
10,1,4,2,[-48.13680557  -0.13680575  -0.13664108 -31.81955074 -33.09290846]
10,1,5,2,[-47.93650546   0.06349434   0.0636773  -31.80443219 -33.07443436]
10,1,6,2,[-47.73520076   0.26479902   0.26500232 -31.7928423  -33.05691251]
10,2,1,3,[18.2064458  12.8248512  20.30412458 23.91493124 20.28855944]
10,2,2,3,[17.96947294 12.47312985 20.30022714 23.51494902 20.28293254]
10,2,3,3,[17.71362932 12.33255204 20.30335621 23.44427949 20.28413999]
10,2,4,3,[17.65930671 12.18319491 20.31455882 23.37108708 20.29320746]
10,2,5,3,[17.5952544  12.13634406 20.3233123  23.40608158 20.29958857]
10,2,6,3,[17.63171202 12.08180518 20.32955412 23.43909041 20.30319442]
10,3,1,2,[43.60563746 45.49976399 38.28003298 36.82790263 49.9999841 ]
10,3,2,2,[43.3951546  45.49973963 37.98563126 36.48205481 49.99998233]
10,3,3,2,[43.16128496 45.49971278 37.79734956 36.34820476 49.99998037]
10,3,4,2,[43.12365226 45.49968316 37.59549109 36.20736242 49.99997819]
10,3,5,2,[43.0818384  45.49965052 37.60158547 36.28184861 49.99997577]
10,3,6,2,[43.14648996 45.49961453 37.60569452 36.36261091 49.99997307]
11,1,1,2,[-51.75799985  -3.75799988  -3.75797763 -31.56510283 -33.04458481]
11,1,2,2,[-51.57588161  -3.57588163  -3.57585692 -31.61030584 -33.0777278 ]
11,1,3,2,[-51.39284845  -3.39284848  -3.39282102 -31.63217207 -33.07776391]
11,1,4,2,[-51.20889583  -3.20889586  -3.20886535 -31.6395453  -33.07274695]
11,1,5,2,[-51.02401914  -3.02401918  -3.02398528 -31.62942307 -33.06095295]
11,1,6,2,[-50.83821379  -2.83821383  -2.83817616 -31.62185901 -33.05205186]
11,2,1,3,[18.33275234 12.9927495  20.37949439 23.93806829 20.35904024]
11,2,2,3,[18.10692211 12.64691269 20.38107994 23.54234148 20.35835311]
11,2,3,3,[17.86283732 12.51182512 20.38967936 23.47756339 20.36442732]
11,2,4,3,[17.82074148 12.36749219 20.40612152 23.41231567 20.3780637 ]
11,2,5,3,[17.7691662  12.32514513 20.41958847 23.45780943 20.38841312]
11,2,6,3,[17.8180802  12.27456046 20.4296605  23.50414763 20.39502122]
11,3,1,2,[43.50493266 45.49993446 38.2105665  36.68913959 49.99999596]
11,3,2,2,[43.28325899 45.49992766 37.9024879  36.33051525 49.99999551]
11,3,3,2,[43.03695496 45.49992014 37.69834776 36.18276274 49.99999501]
11,3,4,2,[42.98550609 45.49991186 37.47813336 36.02679954 49.99999446]
11,3,5,2,[42.92834075 45.49990271 37.46301512 36.08484739 49.99999384]
11,3,6,2,[42.97593489 45.49989263 37.44264668 36.14774776 49.99999316]
12,1,1,2,[-55.05034143  -7.05034144  -7.05033843 -31.27600767 -33.08469242]
12,1,2,2,[-54.88476558  -6.88476558  -6.88476224 -31.31821185 -33.10941245]
12,1,3,2,[-54.71835772  -6.71835772  -6.71835401 -31.3379801  -33.10024105]
12,1,4,2,[-54.55111368  -6.55111368  -6.55110956 -31.34419749 -33.08549646]
12,1,5,2,[-54.38302926  -6.38302926  -6.38302468 -31.33388879 -33.06382083]
12,1,6,2,[-54.21410024  -6.21410025  -6.21409516 -31.32711828 -33.04537291]
12,2,1,3,[17.98360489 12.73670583 20.20427319 23.76793708 20.18823487]
12,2,2,3,[17.73891487 12.37783661 20.2063241  23.35348949 20.18850374]
12,2,3,3,[17.47597464 12.22765575 20.21754044 23.26881787 20.19774005]
12,2,4,3,[17.41515555 12.06563646 20.23911755 23.18246995 20.21711712]
12,2,5,3,[17.34513539 12.00237108 20.26064873 23.20561791 20.23620379]
12,2,6,3,[17.37610794 11.92686681 20.28223387 23.22777098 20.25507283]
12,3,1,2,[43.39149324 45.49998786 38.05153509 36.60244519 49.99999933]
12,3,2,2,[43.15721479 45.49998659 37.72625878 36.22936614 49.99999925]
12,3,3,2,[42.89690541 45.49998519 37.50306259 36.0650171  49.99999917]
12,3,4,2,[42.82989499 45.49998364 37.26173318 35.89001806 49.99999908]
12,3,5,2,[42.75543899 45.49998193 37.22321865 35.92625358 49.99999897]
12,3,6,2,[42.78382122 45.49998004 37.17692639 35.96418319 49.99999886]
13,1,1,2,[-57.12897871  -9.12897872  -9.12897795 -31.21218646 -33.16608683]
13,1,2,2,[-56.97384804  -8.97384804  -8.97384719 -31.24455828 -33.19113614]
13,1,3,2,[-56.81793781  -8.81793781  -8.81793687 -31.25414403 -33.18087112]
13,1,4,2,[-56.66124413  -8.66124414  -8.66124309 -31.24991104 -33.16318599]
13,1,5,2,[-56.50376306  -8.50376306  -8.5037619  -31.22899568 -33.13621029]
13,1,6,2,[-56.34549064  -8.34549064  -8.34548934 -31.21161073 -33.10948423]
13,2,1,3,[17.98536149 12.67769422 20.19929697 23.73862176 20.18371195]
13,2,2,3,[17.74313305 12.31770778 20.20306136 23.33201839 20.18574467]
13,2,3,3,[17.4820063  12.166748   20.21525998 23.25607762 20.19601922]
13,2,4,3,[17.42217948 12.00448503 20.2369058  23.17941858 20.21552717]
13,2,5,3,[17.35212904 11.94175934 20.2573805  23.21329838 20.23362647]
13,2,6,3,[17.38181419 11.86788758 20.27653803 23.2473292  20.25014466]
13,3,1,2,[43.35770816 45.49999799 37.92147101 36.57890896 49.9999999 ]
13,3,2,2,[43.11967575 45.49999777 37.5862241  36.20198898 49.99999989]
13,3,3,2,[42.85519529 45.49999754 37.35244737 36.03323605 49.99999988]
13,3,4,2,[42.78355033 45.49999728 37.09991502 35.85319248 49.99999986]
13,3,5,2,[42.70394483 45.499997   37.04956749 35.88365483 49.99999985]
13,3,6,2,[42.72660538 45.49999668 36.99081044 35.91498299 49.99999983]
14,1,1,2,[-59.79237901 -11.79237901 -11.7923789  -31.15282625 -33.19382017]
14,1,2,2,[-59.65063219 -11.65063219 -11.65063206 -31.1835243  -33.22057416]
14,1,3,2,[-59.50817306 -11.50817306 -11.50817292 -31.19152346 -33.2132596 ]
14,1,4,2,[-59.36499807 -11.36499807 -11.36499791 -31.18591293 -33.19999506]
14,1,5,2,[-59.2211036  -11.2211036  -11.22110343 -31.16398228 -33.17917186]
14,1,6,2,[-59.07648605 -11.07648605 -11.07648586 -31.14613296 -33.16063846]
14,2,1,3,[18.02055167 12.72006338 20.16555826 23.69500918 20.14459882]
14,2,2,3,[17.78694808 12.37242103 20.17028873 23.2873516  20.14700046]
14,2,3,3,[17.53550865 12.23551673 20.18366494 23.21042409 20.15778908]
14,2,4,3,[17.4865464  12.08923788 20.20672005 23.1328094  20.1779691 ]
14,2,5,3,[17.42868205 12.04466797 20.228875   23.16560581 20.19692949]
14,2,6,3,[17.47202353 11.9913966  20.25001569 23.19853552 20.21452069]
14,3,1,2,[43.30836458 45.49999978 37.88184374 36.46736505 49.99999999]
14,3,2,2,[43.06484954 45.49999976 37.53926712 36.08463509 49.99999999]
14,3,3,2,[42.79427726 45.49999973 37.29702108 35.91015816 49.99999999]
14,3,4,2,[42.71586363 45.4999997  37.03471706 35.7245674  49.99999999]
14,3,5,2,[42.62873736 45.49999967 36.97311065 35.74976934 49.99999998]
14,3,6,2,[42.64304152 45.49999963 36.90139767 35.77625606 49.99999998]
15,1,1,2,[-61.96630857 -13.96630857 -13.96630855 -31.13011303 -33.2001376 ]
15,1,2,2,[-61.835486   -13.835486   -13.83548598 -31.15405187 -33.22561765]
15,1,3,2,[-61.70400604 -13.70400604 -13.70400601 -31.15433902 -33.21580844]
15,1,4,2,[-61.57186537 -13.57186537 -13.57186534 -31.13993306 -33.19864092]
15,1,5,2,[-61.43906067 -13.43906067 -13.43906064 -31.1079813  -33.17228797]
15,1,6,2,[-61.30558862 -13.30558862 -13.30558858 -31.07873255 -33.14634073]
15,2,1,3,[18.18119823 12.82573741 20.23997038 23.78047787 20.22173055]
15,2,2,3,[17.95467385 12.4824004  20.24219845 23.38938705 20.22193198]
15,2,3,3,[17.70914471 12.35079686 20.25083872 23.33098531 20.22832041]
15,2,4,3,[17.66456763 12.21121254 20.26644987 23.27404044 20.24142952]
15,2,5,3,[17.60941535 12.17520325 20.27817338 23.32730337 20.250373  ]
15,2,6,3,[17.65324874 12.13295678 20.28520212 23.38412084 20.25431281]
15,3,1,2,[43.47757337 45.49999993 38.03419214 36.64020736 50.        ]
15,3,2,2,[43.2528593  45.49999992 37.72033471 36.27856574 50.        ]
15,3,3,2,[43.003177   45.49999991 37.51130905 36.1277296  50.        ]
15,3,4,2,[42.94797444 45.4999999  37.28737234 35.96863894 50.        ]
15,3,5,2,[42.88663827 45.49999989 37.27001377 36.02354381 50.        ]
15,3,6,2,[42.92959808 45.49999988 37.24926228 36.08332089 49.99999999]
16,1,1,2,[-63.97269589 -15.97269589 -15.97269589 -31.06648622 -33.23724817]
16,1,2,2,[-63.85195567 -15.85195567 -15.85195567 -31.10895919 -33.2726509 ]
16,1,3,2,[-63.73060872 -15.73060872 -15.73060871 -31.1290499  -33.27424982]
16,1,4,2,[-63.60865198 -15.60865198 -15.60865197 -31.1354174  -33.26998525]
16,1,5,2,[-63.48608239 -15.48608239 -15.48608238 -31.124782   -33.258016  ]
16,1,6,2,[-63.36289687 -15.36289687 -15.36289687 -31.11680619 -33.24789309]
16,2,1,3,[18.07493695 12.75951264 20.20976369 23.74769382 20.1917799 ]
16,2,2,3,[17.84144369 12.41307049 20.21347341 23.34355396 20.19349142]
16,2,3,3,[17.58968416 12.277819   20.22527274 23.27082049 20.20307052]
16,2,4,3,[17.53983982 12.13378692 20.24604936 23.1981928  20.22138023]
16,2,5,3,[17.48036081 12.09223629 20.26503806 23.23700103 20.23762793]
16,2,6,3,[17.5211707  12.04297849 20.28192321 23.27691761 20.2514675 ]
16,3,1,2,[43.35595567 45.49999999 37.80808705 36.58004104 50.        ]
16,3,2,2,[43.11772852 45.49999999 37.47345561 36.20508755 50.        ]
16,3,3,2,[42.85303169 45.49999999 37.24183093 36.03872414 50.        ]
16,3,4,2,[42.78114632 45.49999999 36.99332105 35.86156284 50.        ]
16,3,5,2,[42.70127369 45.49999998 36.94925552 35.89548021 50.        ]
16,3,6,2,[42.72363743 45.49999998 36.89949244 35.93092783 50.        ]
17,1,1,2,[-66.04565429 -18.04565429 -18.04565429 -31.19430328 -33.29684653]
17,1,2,2,[-65.93533095 -17.93533095 -17.93533095 -31.22256466 -33.32605405]
17,1,3,2,[-65.82445321 -17.82445321 -17.82445321 -31.22651349 -33.32010608]
17,1,4,2,[-65.7130183  -17.7130183  -17.7130183  -31.21487683 -33.30699979]
17,1,5,2,[-65.60102342 -17.60102342 -17.60102342 -31.18451881 -33.28498159]
17,1,6,2,[-65.48846575 -17.48846575 -17.48846575 -31.1553426  -33.26371996]
17,2,1,3,[18.17452545 12.86815068 20.25270156 23.7816485  20.23339032]
17,2,2,3,[17.94761805 12.52128343 20.25670262 23.38599167 20.23524568]
17,2,3,3,[17.70219921 12.38474713 20.26784873 23.32251321 20.2440077 ]
17,2,4,3,[17.658338   12.23849683 20.28683747 23.2599475  20.26034743]
17,2,5,3,[17.60435596 12.19372449 20.3026887  23.30965938 20.27325532]
17,2,6,3,[17.65003016 12.14017715 20.31484431 23.36135594 20.28214056]
17,3,1,2,[43.46564716 45.5        37.99909149 36.71233029 50.        ]
17,3,2,2,[43.23960796 45.5        37.6849253  36.35482753 50.        ]
17,3,3,2,[42.98845329 45.5        37.47595561 36.20815957 50.        ]
17,3,4,2,[42.93161476 45.5        37.25252445 36.05322186 50.        ]
17,3,5,2,[42.86846085 45.5        37.23622024 36.11220959 50.        ]
17,3,6,2,[42.90940094 45.49999999 37.21718763 36.1759326  50.        ]
18,1,1,2,[-67.83896278 -19.83896278 -19.83896278 -31.19715258 -33.15321   ]
18,1,2,2,[-67.73765104 -19.73765104 -19.73765104 -31.22831518 -33.1876897 ]
18,1,3,2,[-67.63583019 -19.63583019 -19.63583019 -31.23633699 -33.18941489]
18,1,4,2,[-67.53349768 -19.53349768 -19.53349768 -31.23041406 -33.18674103]
18,1,5,2,[-67.43065093 -19.43065093 -19.43065093 -31.20798858 -33.17833076]
18,1,6,2,[-67.32728737 -19.32728737 -19.32728737 -31.18966713 -33.17434094]
18,2,1,3,[18.0550161  12.76501198 20.20659136 23.76535743 20.1895804 ]
18,2,2,3,[17.8177303  12.41391766 20.20836948 23.35851402 20.18946841]
18,2,3,3,[17.56214883 12.27303761 20.21841459 23.28206689 20.1974134 ]
18,2,4,3,[17.50856961 12.12218701 20.23775378 23.20459141 20.21441913]
18,2,5,3,[17.44558501 12.07236494 20.25578964 23.23729581 20.22986225]
18,2,6,3,[17.48328879 12.01306082 20.27240505 23.26973782 20.24359684]
18,3,1,2,[43.42271819 45.5        37.95995625 36.56934629 50.        ]
18,3,2,2,[43.1919091  45.5        37.63470727 36.20114458 50.        ]
18,3,3,2,[42.93545455 45.5        37.41267511 36.04316538 50.        ]
18,3,4,2,[42.87272728 45.5        37.17389867 35.87630012 50.        ]
18,3,5,2,[42.80303031 45.5        37.13962037 35.92274671 50.        ]
18,3,6,2,[42.83670035 45.5        37.09959011 35.97332588 50.        ]
19,1,1,2,[-70.12414558 -22.12414558 -22.12414558 -31.15866935 -33.20952116]
19,1,2,2,[-70.03431716 -22.03431716 -22.03431716 -31.18842867 -33.24456203]
19,1,3,2,[-69.94403735 -21.94403735 -21.94403735 -31.19442699 -33.24512079]
19,1,4,2,[-69.85330387 -21.85330387 -21.85330387 -31.18568004 -33.23908036]
19,1,5,2,[-69.76211444 -21.76211444 -21.76211444 -31.15943124 -33.22454856]
19,1,6,2,[-69.67046677 -21.67046677 -21.67046677 -31.13607368 -33.21103327]
19,2,1,3,[18.17717291 12.87285756 20.23761473 23.78052235 20.21608057]
19,2,2,3,[17.95131205 12.5305145  20.24069184 23.37886388 20.216765  ]
19,2,3,3,[17.70766873 12.39930557 20.25142406 23.30958096 20.22483867]
19,2,4,3,[17.66634643 12.25924869 20.27051901 23.24165208 20.24097969]
19,2,5,3,[17.61567271 12.22161106 20.28697558 23.28674727 20.25415411]
19,2,6,3,[17.66539151 12.17623353 20.30017248 23.33495104 20.26370418]
19,3,1,2,[43.36239505 45.5        37.85555267 36.51416128 50.        ]
19,3,2,2,[43.12488339 45.5        37.5185917  36.13611104 50.        ]
19,3,3,2,[42.86098154 45.5        37.28353382 35.96677605 50.        ]
19,3,4,2,[42.78997949 45.5        37.03027058 35.78683438 50.        ]
19,3,5,2,[42.71108832 45.5        36.97988053 35.81824176 50.        ]
19,3,6,2,[42.73454258 45.5        36.92193132 35.8515442  50.        ]
20,1,1,2,[-71.5843085  -23.5843085  -23.5843085  -31.10903907 -33.17886504]
20,1,2,2,[-71.50181759 -23.50181759 -23.50181759 -31.14488083 -33.21471852]
20,1,3,2,[-71.41891215 -23.41891215 -23.41891215 -31.15727744 -33.21646185]
20,1,4,2,[-71.3355901  -23.3355901  -23.3355901  -31.15505598 -33.21210595]
20,1,5,2,[-71.25184934 -23.25184934 -23.25184934 -31.13521297 -33.19990426]
20,1,6,2,[-71.16768778 -23.16768778 -23.16768778 -31.11782642 -33.18952748]
20,2,1,3,[18.01237962 12.69720384 20.19595467 23.80412536 20.18085869]
20,2,2,3,[17.76727717 12.33780244 20.19347166 23.38768602 20.17669835]
20,2,3,3,[17.50412762 12.18781355 20.19989928 23.30065589 20.18126227]
20,2,4,3,[17.44336201 12.02684768 20.21644164 23.21159797 20.19573384]
20,2,5,3,[17.37372098 11.9656525  20.23269834 23.23171719 20.20968968]
20,2,6,3,[17.4054623  11.89341146 20.24877047 23.25057801 20.2232053 ]
20,3,1,2,[43.34039678 45.5        37.82763692 36.51254983 50.        ]
20,3,2,2,[43.10044087 45.5        37.48883965 36.13363181 50.        ]
20,3,3,2,[42.83382319 45.5        37.25188204 35.96325608 50.        ]
20,3,4,2,[42.75980354 45.5        36.99666422 35.782073   50.        ]
20,3,5,2,[42.67755949 45.5        36.94427599 35.81200657 50.        ]
20,3,6,2,[42.69728833 45.5        36.88429947 35.84356646 50.        ]
21,1,1,2,[-72.92520015 -24.92520015 -24.92520015 -30.97525163 -33.21553924]
21,1,2,2,[-72.84944739 -24.84944739 -24.84944739 -31.01003415 -33.23852287]
21,1,3,2,[-72.77331396 -24.77331396 -24.77331396 -31.0243036  -33.22633246]
21,1,4,2,[-72.69679795 -24.69679795 -24.69679795 -31.02734316 -33.20691743]
21,1,5,2,[-72.61989744 -24.61989744 -24.61989744 -31.01661212 -33.17846304]
21,1,6,2,[-72.54261049 -24.54261049 -24.54261049 -31.0126436  -33.1505645 ]
21,2,1,3,[18.25622433 12.91463887 20.32480006 23.86463183 20.30675422]
21,2,2,3,[18.0289257  12.56800196 20.32734318 23.47569678 20.30729225]
21,2,3,3,[17.78232344 12.43225177 20.33612064 23.41931164 20.31384183]
21,2,4,3,[17.73635322 12.28754785 20.35168344 23.36426891 20.32692921]
21,2,5,3,[17.67917986 12.24533091 20.36288011 23.42201409 20.33537541]
21,2,6,3,[17.72039474 12.19564954 20.36895056 23.48236422 20.33838978]
21,3,1,2,[43.30665983 45.5        37.88781026 36.46257242 50.        ]
21,3,2,2,[43.06295537 45.5        37.54591639 36.08103033 50.        ]
21,3,3,2,[42.79217263 45.5        37.30443117 35.9080644  50.        ]
21,3,4,2,[42.71352514 45.5        37.04297495 35.72436493 50.        ]
21,3,5,2,[42.62613905 45.5        36.98231326 35.7519043  50.        ]
21,3,6,2,[42.6401545  45.5        36.91165299 35.78125037 50.        ]
22,1,1,2,[-74.29465133 -26.29465133 -26.29465133 -31.09092626 -33.22407257]
22,1,2,2,[-74.22578023 -26.22578023 -26.22578023 -31.11611343 -33.25993999]
22,1,3,2,[-74.15656304 -26.15656304 -26.15656304 -31.11706707 -33.26128212]
22,1,4,2,[-74.08699803 -26.08699803 -26.08699803 -31.10242145 -33.25605744]
22,1,5,2,[-74.01708345 -26.01708345 -26.01708345 -31.06891312 -33.24246481]
22,1,6,2,[-73.94681754 -25.94681754 -25.94681754 -31.03627547 -33.23011846]
22,2,1,3,[18.16660036 12.93472286 20.27010557 23.79282846 20.24898428]
22,2,2,3,[17.93837207 12.59348118 20.27560008 23.39016314 20.25213198]
22,2,3,3,[17.69233384 12.46295564 20.28925384 23.3186486  20.26317818]
22,2,4,3,[17.64875009 12.32301551 20.31199454 23.24693427 20.28302159]
22,2,5,3,[17.59616862 12.28472977 20.3331069  23.28629826 20.30091472]
22,2,6,3,[17.64462713 12.23767712 20.35233632 23.32636006 20.31656724]
22,3,1,2,[43.3733757  45.5        38.02668728 36.56021728 50.        ]
22,3,2,2,[43.13708411 45.5        37.69681324 36.18301965 50.        ]
22,3,3,2,[42.8745379  45.5        37.46830438 36.01415814 50.        ]
22,3,4,2,[42.80504211 45.5        37.22084524 35.83421605 50.        ]
22,3,5,2,[42.72782456 45.5        37.17526797 35.86503797 50.        ]
22,3,6,2,[42.7531384  45.5        37.12084827 35.89703986 50.        ]
23,1,1,2,[-75.28734386 -27.28734386 -27.28734386 -31.11524064 -33.18732996]
23,1,2,2,[-75.22346117 -27.22346117 -27.22346117 -31.14271045 -33.21622584]
23,1,3,2,[-75.15925746 -27.15925746 -27.15925746 -31.1453766  -33.21097144]
23,1,4,2,[-75.09473111 -27.09473111 -27.09473111 -31.13169454 -33.19952655]
23,1,5,2,[-75.02988052 -27.02988052 -27.02988052 -31.09818527 -33.18007359]
23,1,6,2,[-74.96470404 -26.96470404 -26.96470404 -31.0643232  -33.16219017]
23,2,1,3,[18.12481666 12.81168616 20.2514066  23.78379621 20.23151351]
23,2,2,3,[17.89288755 12.46585215 20.25576526 23.38124066 20.23366183]
23,2,3,3,[17.64279238 12.33112751 20.26821205 23.30920432 20.24365268]
23,2,4,3,[17.59483954 12.18751093 20.28975029 23.23617677 20.2624621 ]
23,2,5,3,[17.53764492 12.14621394 20.30976797 23.27325389 20.27944776]
23,2,6,3,[17.58128122 12.0969764  20.32808461 23.31044019 20.29439549]
23,3,1,2,[43.47056709 45.5        38.22282978 36.62747996 50.        ]
23,3,2,2,[43.24507455 45.5        37.90746627 36.26613703 50.        ]
23,3,3,2,[42.99452727 45.5        37.69427099 36.11582309 50.        ]
23,3,4,2,[42.93836364 45.5        37.4629278  35.9575241  50.        ]
23,3,5,2,[42.8759596  45.5        37.43425809 36.01354357 50.        ]
23,3,6,2,[42.91773289 45.5        37.39751451 36.07482016 50.        ]
24,1,1,2,[-76.44220907 -28.44220907 -28.44220907 -31.1373305  -33.26420121]
24,1,2,2,[-76.38412972 -28.38412972 -28.38412972 -31.16789726 -33.2973957 ]
24,1,3,2,[-76.32575851 -28.32575851 -28.32575851 -31.17530042 -33.29580052]
24,1,4,2,[-76.26709398 -28.26709398 -28.26709398 -31.16852397 -33.28727162]
24,1,5,2,[-76.20813466 -28.20813466 -28.20813466 -31.14474777 -33.26988329]
24,1,6,2,[-76.14887905 -28.14887905 -28.14887905 -31.12426253 -33.25310122]
24,2,1,3,[18.14565591 12.77300571 20.25991126 23.78234018 20.2416225 ]
24,2,2,3,[17.91555939 12.42545156 20.264732   23.38581536 20.24441115]
24,2,3,3,[17.66670338 12.28923716 20.27689517 23.32132998 20.25431645]
24,2,4,3,[17.61914108 12.14453776 20.29713196 23.25764647 20.27204448]
24,2,5,3,[17.56117155 12.10280129 20.31449475 23.30617558 20.28661978]
24,2,6,3,[17.60253964 12.0540725  20.3284543  23.35669345 20.29748211]
24,3,1,2,[43.44593462 45.5        38.11568862 36.62985064 50.        ]
24,3,2,2,[43.21770513 45.5        37.80533724 36.26357452 50.        ]
24,3,3,2,[42.96411681 45.5        37.59959062 36.10720185 50.        ]
24,3,4,2,[42.90457424 45.5        37.37861221 35.94152939 50.        ]
24,3,5,2,[42.83841582 45.5        37.36377944 35.98864327 50.        ]
24,3,6,2,[42.87601758 45.5        37.34498863 36.03923272 50.        ]
25,1,1,2,[-77.38629025 -29.38629025 -29.38629025 -31.23348488 -33.25008424]
25,1,2,2,[-77.33295503 -29.33295503 -29.33295503 -31.2622125  -33.28246152]
25,1,3,2,[-77.27935179 -29.27935179 -29.27935179 -31.26622804 -33.27926829]
25,1,4,2,[-77.22547918 -29.22547918 -29.22547918 -31.25429043 -33.26824225]
25,1,5,2,[-77.17133586 -29.17133586 -29.17133586 -31.22333466 -33.24733472]
25,1,6,2,[-77.11692047 -29.11692047 -29.11692047 -31.19338555 -33.22588502]
25,2,1,3,[18.04164066 12.68156782 20.21005479 23.70803437 20.1931672 ]
25,2,2,3,[17.8077414  12.32610844 20.21709043 23.31235161 20.19832644]
25,2,3,3,[17.55457309 12.18055163 20.23162757 23.24869072 20.2107787 ]
25,2,4,3,[17.50214159 12.02485904 20.25442435 23.18574375 20.23125893]
25,2,5,3,[17.43916452 11.9701846  20.27503425 23.23045814 20.2492949 ]
25,2,6,3,[17.47537241 11.90623399 20.29300544 23.2771511  20.26440616]
25,3,1,2,[43.33890357 45.5        37.81441697 36.53302611 50.        ]
25,3,2,2,[43.09878174 45.5        37.47492776 36.15352035 50.        ]
25,3,3,2,[42.83197971 45.5        37.23728764 35.98217348 50.        ]
25,3,4,2,[42.75775524 45.5        36.98140741 35.79955792 50.        ]
25,3,5,2,[42.67528359 45.5        36.92838974 35.82750714 50.        ]
25,3,6,2,[42.69475955 45.5        36.86783226 35.85642583 50.        ]
26,1,1,2,[-78.44673329 -30.44673329 -30.44673329 -31.19580424 -33.17674691]
26,1,2,2,[-78.39872693 -30.39872693 -30.39872693 -31.23783923 -33.21031721]
26,1,3,2,[-78.35047933 -30.35047933 -30.35047933 -31.25580957 -33.21030809]
26,1,4,2,[-78.30198927 -30.30198927 -30.30198927 -31.25805631 -33.20485811]
26,1,5,2,[-78.25325555 -30.25325555 -30.25325555 -31.24093546 -33.19236274]
26,1,6,2,[-78.20427693 -30.20427693 -30.20427693 -31.22369244 -33.18264926]
26,2,1,3,[18.17563344 12.80766868 20.24035547 23.79129892 20.22156236]
26,2,2,3,[17.94822415 12.46638023 20.24235974 23.39191271 20.2214785 ]
26,2,3,3,[17.70265771 12.33743184 20.25169725 23.32454962 20.22849587]
26,2,4,3,[17.65905451 12.20111161 20.26909844 23.25798583 20.24331913]
26,2,5,3,[17.60578786 12.16899305 20.28361445 23.30363615 20.25497077]
26,2,6,3,[17.65268621 12.13126057 20.29471576 23.35126603 20.26288945]
26,3,1,2,[43.34981492 45.5        37.90119207 36.52526812 50.        ]
26,3,2,2,[43.11090547 45.5        37.56506638 36.14579296 50.        ]
26,3,3,2,[42.84545052 45.5        37.33046595 35.97457926 50.        ]
26,3,4,2,[42.77272281 45.5        37.07718806 35.79222186 50.        ]
26,3,5,2,[42.69191423 45.5        37.02620069 35.82058036 50.        ]
26,3,6,2,[42.71323803 45.5        36.9669422  35.85008987 50.        ]
27,1,1,2,[-79.00442619 -31.00442619 -31.00442619 -31.12943745 -33.20162656]
27,1,2,2,[-78.9592223  -30.9592223  -30.9592223  -31.15494765 -33.22906133]
27,1,3,2,[-78.91379126 -30.91379126 -30.91379126 -31.1559676  -33.22186975]
27,1,4,2,[-78.86813192 -30.86813192 -30.86813192 -31.14117938 -33.20819575]
27,1,5,2,[-78.82224313 -30.82224313 -30.82224313 -31.1073989  -33.18647421]
27,1,6,2,[-78.77612375 -30.77612375 -30.77612375 -31.07447916 -33.16661396]
27,2,1,2,[18.05857374 12.68525113 20.22096577 23.73940353 20.20272807]
27,2,2,2,[17.82402771 12.33195382 20.22668552 23.33630319 20.20642141]
27,2,3,2,[17.57099654 12.18917057 20.24061634 23.26453497 20.21810065]
27,2,4,2,[17.5196502  12.03687381 20.26367219 23.19275117 20.23865477]
27,2,5,2,[17.45843188 11.98626313 20.28512299 23.23222639 20.25732584]
27,2,6,2,[17.49726434 11.92707994 20.3046989  23.27256817 20.27381319]
27,3,1,2,[43.38137242 45.5        37.94550879 36.59860993 50.        ]
27,3,2,2,[43.14596936 45.5        37.6190235  36.22876141 50.        ]
27,3,3,2,[42.8844104  45.5        37.39565865 36.06840817 50.        ]
27,3,4,2,[42.81601155 45.5        37.15544701 35.89830036 50.        ]
27,3,5,2,[42.74001284 45.5        37.11962464 35.94047219 50.        ]
27,3,6,2,[42.76668093 45.5        37.077935   35.98555504 50.        ]
28,1,1,2,[-79.55794236 -31.55794236 -31.55794236 -31.29331835 -33.19851743]
28,1,2,2,[-79.53580617 -31.53580617 -31.53580617 -31.32333484 -33.23592878]
28,1,3,2,[-79.51058903 -31.51058903 -31.51058903 -31.32922149 -33.23930728]
28,1,4,2,[-79.48355319 -31.48355319 -31.48355319 -31.3199069  -33.23673224]
28,1,5,2,[-79.45640223 -31.45640223 -31.45640223 -31.29253873 -33.22654978]
28,1,6,2,[-79.42888723 -31.42888723 -31.42888723 -31.26740765 -33.21855165]
28,2,1,2,[17.92175322 12.60633591 20.12361655 23.67656595 20.10625147]
28,2,2,2,[17.67981982 12.24817916 20.12633463 23.26226717 20.1070401 ]
28,2,3,2,[17.41986809 12.09947006 20.13821788 23.17830041 20.11677951]
28,2,4,2,[17.36222347 11.93985717 20.16038989 23.09333657 20.13656949]
28,2,5,2,[17.2954967  11.88014704 20.18234829 23.11869928 20.15588117]
28,2,6,2,[17.32976412 11.80961094 20.20404366 23.1443052  20.17463576]
28,3,1,2,[43.33105431 45.5        37.8606097  36.48353743 50.        ]
28,3,2,2,[43.09006034 45.5        37.51953376 36.10231391 50.        ]
28,3,3,2,[42.82228927 45.5        37.27938402 35.92947852 50.        ]
28,3,4,2,[42.74698808 45.5        37.01988579 35.74567584 50.        ]
28,3,5,2,[42.66332009 45.5        36.96192641 35.77282467 50.        ]
28,3,6,2,[42.68146677 45.5        36.89485402 35.80143034 50.        ]
29,1,1,2,[-79.65601372 -31.65601372 -31.65601372 -31.2626654  -33.17479236]
29,1,2,2,[-79.64793426 -31.64793426 -31.64793426 -31.29339875 -33.20643792]
29,1,3,2,[-79.63830927 -31.63830927 -31.63830927 -31.299536   -33.20297044]
29,1,4,2,[-79.62865179 -31.62865179 -31.62865179 -31.28971218 -33.19214292]
29,1,5,2,[-79.62098603 -31.62098603 -31.62098603 -31.26067752 -33.17190179]
29,1,6,2,[-79.61547525 -31.61547525 -31.61547525 -31.23219275 -33.15155662]
29,2,1,2,[18.09455399 12.81818517 20.20632472 23.80635475 20.18938193]
29,2,2,2,[17.85728072 12.46620547 20.20369265 23.40001408 20.18486732]
29,2,3,2,[17.60167078 12.3240537  20.20879514 23.32396865 20.18787811]
29,2,4,2,[17.5480299  12.17147327 20.22261253 23.24677753 20.19937138]
29,2,5,2,[17.48496123 12.11937882 20.23449748 23.27962945 20.20867398]
29,2,6,2,[17.52255803 12.05716199 20.24426497 23.31220006 20.2155722 ]
29,3,1,2,[43.36249644 45.5        37.98930492 36.5953678  50.        ]
29,3,2,2,[43.12499604 45.5        37.65896131 36.22156465 50.        ]
29,3,3,2,[42.86110671 45.5        37.43034004 36.05641799 50.        ]
29,3,4,2,[42.79011857 45.5        37.18321082 35.8805404  50.        ]
29,3,5,2,[42.71124286 45.5        37.13850549 35.91580832 50.        ]
29,3,6,2,[42.73471428 45.5        37.08561611 35.95267231 50.        ]
30,1,1,2,[-79.63556067 -31.63556067 -31.63556067 -31.17854916 -33.16547319]
30,1,2,2,[-79.63370689 -31.63370689 -31.63370689 -31.21288916 -33.18655345]
30,1,3,2,[-79.63039698 -31.63039698 -31.63039698 -31.22473267 -33.17254358]
30,1,4,2,[-79.62686642 -31.62686642 -31.62686642 -31.22333893 -33.15136732]
30,1,5,2,[-79.62474962 -31.62474962 -31.62474962 -31.20622907 -33.12118412]
30,1,6,2,[-79.62367674 -31.62367674 -31.62367674 -31.19411119 -33.09156777]
30,2,1,2,[18.09634597 12.7660958  20.23912752 23.83029888 20.22130158]
30,2,2,2,[17.85723313 12.4167097  20.23810152 23.41932796 20.21829492]
30,2,3,2,[17.60014226 12.27852671 20.24555158 23.33794837 20.22354425]
30,2,4,2,[17.54550208 12.13149564 20.26262356 23.25463558 20.23817096]
30,2,5,2,[17.48206269 12.08675529 20.27886433 23.28048065 20.25169478]
30,2,6,2,[17.5201077  12.03393904 20.29433174 23.30490272 20.26414336]
30,3,1,2,[43.38372233 45.5        37.92936255 36.52137991 50.        ]
30,3,2,2,[43.14858037 45.5        37.60165284 36.14883741 50.        ]
30,3,3,2,[42.88731152 45.5        37.37699082 35.98614498 50.        ]
30,3,4,2,[42.81923502 45.5        37.13540819 35.81416487 50.        ]
30,3,5,2,[42.74359447 45.5        37.09814065 35.85506394 50.        ]
30,3,6,2,[42.77066052 45.5        37.05493207 35.89962991 50.        ]
31,1,1,2,[-79.55260666 -31.55260666 -31.55260666 -31.19887382 -33.30982086]
31,1,2,2,[-79.54126742 -31.54126742 -31.54126742 -31.21543139 -33.34227461]
31,1,3,2,[-79.52970957 -31.52970957 -31.52970957 -31.2055664  -33.33991833]
31,1,4,2,[-79.51979713 -31.51979713 -31.51979713 -31.17781216 -33.33068923]
31,1,5,2,[-79.51395158 -31.51395158 -31.51395158 -31.1288496  -33.3127677 ]
31,1,6,2,[-79.5127798  -31.5127798  -31.5127798  -31.07841847 -33.2957552 ]
31,2,1,2,[17.92671512 12.67312793 20.12684038 23.6674283  20.10798536]
31,2,2,2,[17.68595202 12.31604065 20.13053564 23.25640311 20.10958563]
31,2,3,2,[17.42705804 12.16777433 20.14326207 23.17473458 20.11998427]
31,2,4,2,[17.37049639 12.00783484 20.16627864 23.09064515 20.14041443]
31,2,5,2,[17.30508964 11.94683998 20.18929214 23.11490227 20.16055413]
31,2,6,2,[17.34121295 11.87381101 20.21254906 23.13682091 20.18061793]
31,3,1,2,[43.47348929 45.5        38.08044736 36.63868031 50.        ]
31,3,2,2,[43.24832143 45.5        37.76569642 36.27567669 50.        ]
31,3,3,2,[42.99813492 45.5        37.55500765 36.12319473 50.        ]
31,3,4,2,[42.94237214 45.5        37.32847821 35.96212818 50.        ]
31,3,5,2,[42.88041349 45.5        37.30741128 36.01467406 50.        ]
31,3,6,2,[42.92268165 45.5        37.28161985 36.07164831 50.        ]
32,1,1,2,[-79.66202252 -31.66202252 -31.66202252 -31.26457309 -33.24825207]
32,1,2,2,[-79.65398359 -31.65398359 -31.65398359 -31.29933993 -33.28273517]
32,1,3,2,[-79.64389747 -31.64389747 -31.64389747 -31.31027224 -33.28255129]
32,1,4,2,[-79.63312964 -31.63312964 -31.63312964 -31.30611361 -33.27566479]
32,1,5,2,[-79.62352635 -31.62352635 -31.62352635 -31.28374661 -33.26028606]
32,1,6,2,[-79.61503589 -31.61503589 -31.61503589 -31.26309524 -33.24604787]
32,2,1,2,[18.08846166 12.75438175 20.19987454 23.77706679 20.1836967 ]
32,2,2,2,[17.85301938 12.40671347 20.19903369 23.37625494 20.18105832]
32,2,3,2,[17.59874623 12.27042782 20.20542881 23.30681861 20.18545617]
32,2,4,2,[17.54576795 12.12564734 20.2198597  23.23742187 20.19766788]
32,2,5,2,[17.48247641 12.0837452  20.23146724 23.27935984 20.20680966]
32,2,6,2,[17.51873392 12.03466361 20.23983484 23.3222724  20.21243753]
32,3,1,2,[43.35540397 45.5        37.98879745 36.5011225  50.        ]
32,3,2,2,[43.11711552 45.5        37.65671442 36.12491696 50.        ]
32,3,3,2,[42.85235058 45.5        37.42597347 35.95799758 50.        ]
32,3,4,2,[42.78038953 45.5        37.17628127 35.78114651 50.        ]
32,3,5,2,[42.70043281 45.5        37.1284973  35.81643969 50.        ]
32,3,6,2,[42.72270312 45.5        37.0719307  35.85456163 50.        ]
33,1,1,2,[-79.66078007 -31.66078007 -31.66078007 -31.23229686 -33.25311204]
33,1,2,2,[-79.65630049 -31.65630049 -31.65630049 -31.26431191 -33.28557811]
33,1,3,2,[-79.65038886 -31.65038886 -31.65038886 -31.27316332 -33.28342372]
33,1,4,2,[-79.64440373 -31.64440373 -31.64440373 -31.26763692 -33.27467179]
33,1,5,2,[-79.64018325 -31.64018325 -31.64018325 -31.24461893 -33.25760151]
33,1,6,2,[-79.63767203 -31.63767203 -31.63767203 -31.22398338 -33.24192431]
33,2,1,2,[18.06836659 12.72393024 20.1798096  23.66693846 20.15664971]
33,2,2,2,[17.84242662 12.37967137 20.18847441 23.26508034 20.16274119]
33,2,3,2,[17.5987212  12.24668901 20.20544097 23.19555302 20.17684851]
33,2,4,2,[17.55736844 12.10505229 20.23150152 23.12725896 20.19973212]
33,2,5,2,[17.50672171 12.06608692 20.25575846 23.17177792 20.22045913]
33,2,6,2,[17.55656474 12.01969932 20.27771668 23.21908892 20.2384952 ]
33,3,1,2,[43.33945239 45.5        37.88737443 36.5650968  50.        ]
33,3,2,2,[43.09939155 45.5        37.55337516 36.18710243 50.        ]
33,3,3,2,[42.83265727 45.5        37.32154427 36.01720689 50.        ]
33,3,4,2,[42.75850808 45.5        37.07179572 35.83595058 50.        ]
33,3,5,2,[42.67612009 45.5        37.02523212 35.86512858 50.        ]
33,3,6,2,[42.69568899 45.5        36.97144703 35.89509983 50.        ]
34,1,1,2,[-79.6306245  -31.6306245  -31.6306245  -31.20927494 -33.20882354]
34,1,2,2,[-79.62551533 -31.62551533 -31.62551533 -31.2385338  -33.24181285]
34,1,3,2,[-79.61924541 -31.61924541 -31.61924541 -31.24415214 -33.24080875]
34,1,4,2,[-79.61323903 -31.61323903 -31.61323903 -31.23505561 -33.23380089]
34,1,5,2,[-79.60938328 -31.60938328 -31.60938328 -31.20835871 -33.21900929]
34,1,6,2,[-79.6076409  -31.6076409  -31.6076409  -31.18427863 -33.2060573 ]
34,2,1,2,[17.86411707 12.57048421 20.07642775 23.69295773 20.06377345]
34,2,2,2,[17.61426897 12.21457817 20.07239194 23.27657896 20.0583316 ]
34,2,3,2,[17.34591646 12.06923274 20.0771642  23.18888588 20.06154161]
34,2,4,2,[17.27954958 11.91419918 20.09204708 23.09812454 20.07468864]
34,2,5,2,[17.20401539 11.86041936 20.10679038 23.11511295 20.08750323]
34,2,6,2,[17.22973936 11.79727705 20.12171157 23.12894704 20.1002814 ]
34,3,1,2,[43.3498973  45.5        37.86122456 36.62628955 50.        ]
34,3,2,2,[43.110997   45.5        37.52475263 36.25051724 50.        ]
34,3,3,2,[42.84555222 45.5        37.29022245 36.08258207 50.        ]
34,3,4,2,[42.7728358  45.5        37.03752811 35.90293888 50.        ]
34,3,5,2,[42.69203978 45.5        36.9877508  35.93328138 50.        ]
34,3,6,2,[42.71337753 45.5        36.93046091 35.96384888 50.        ]
35,1,1,2,[-79.6885811  -31.6885811  -31.6885811  -31.27406569 -33.23899405]
35,1,2,2,[-79.68210235 -31.68210235 -31.68210235 -31.3125156  -33.27390486]
35,1,3,2,[-79.67335318 -31.67335318 -31.67335318 -31.32720517 -33.27453393]
35,1,4,2,[-79.66366553 -31.66366553 -31.66366553 -31.32688629 -33.26868311]
35,1,5,2,[-79.65484547 -31.65484547 -31.65484547 -31.3084696  -33.25431889]
35,1,6,2,[-79.64679069 -31.64679069 -31.64679069 -31.29193524 -33.24072797]
35,2,1,2,[18.00351269 12.61325932 20.19342452 23.8028135  20.18246261]
35,2,2,2,[17.75632129 12.25181339 20.18955666 23.39814236 20.17737676]
35,2,3,2,[17.48958226 12.10061239 20.19317712 23.32312901 20.1796439 ]
35,2,4,2,[17.42356725 11.93961014 20.2053393  23.24601835 20.19030239]
35,2,5,2,[17.34688338 11.87995831 20.215519   23.27760217 20.19881132]
35,2,6,2,[17.36969578 11.81130833 20.22373535 23.30691766 20.20517127]
35,3,1,2,[43.49060678 45.5        38.05323336 36.75730382 50.        ]
35,3,2,2,[43.26734087 45.5        37.7406384  36.40224551 50.        ]
35,3,3,2,[43.01926763 45.5        37.53292069 36.25801001 50.        ]
35,3,4,2,[42.96585292 45.5        37.31033191 36.10545987 50.        ]
35,3,5,2,[42.90650324 45.5        37.294354   36.16675033 50.        ]
35,3,6,2,[42.95167027 45.5        37.27500653 36.23264286 50.        ]
36,1,1,2,[-79.65461935 -31.65461935 -31.65461935 -31.14552896 -33.28404503]
36,1,2,2,[-79.65773901 -31.65773901 -31.65773901 -31.18583408 -33.31170012]
36,1,3,2,[-79.65934789 -31.65934789 -31.65934789 -31.2034306  -33.30485259]
36,1,4,2,[-79.66074146 -31.66074146 -31.66074146 -31.20716395 -33.29164929]
36,1,5,2,[-79.66367639 -31.66367639 -31.66367639 -31.19402857 -33.27051157]
36,1,6,2,[-79.66798824 -31.66798824 -31.66798824 -31.18407342 -33.25131309]
36,2,1,2,[17.88686011 12.61732328 20.09834226 23.65133435 20.08185001]
36,2,2,2,[17.64347834 12.25613196 20.10068073 23.23925895 20.08235601]
36,2,3,2,[17.38164011 12.10996858 20.11186498 23.15791837 20.09150419]
36,2,4,2,[17.3215777  11.95317579 20.13293867 23.07600194 20.11031556]
36,2,5,2,[17.25240516 11.89656431 20.15391735 23.09908476 20.12878056]
36,2,6,2,[17.2841338  11.8294136  20.1747029  23.12299727 20.14677314]
36,3,1,2,[43.33229119 45.5        37.7888605  36.50416909 50.        ]
36,3,2,2,[43.09143466 45.5        37.4483184  36.12583466 50.        ]
36,3,3,2,[42.82381629 45.5        37.20970693 35.95627568 50.        ]
36,3,4,2,[42.74868476 45.5        36.952968   35.77618711 50.        ]
36,3,5,2,[42.66520529 45.5        36.89924131 35.80754459 50.        ]
36,3,6,2,[42.68356144 45.5        36.83816835 35.84091747 50.        ]
37,1,1,2,[-79.5459306  -31.5459306  -31.5459306  -31.15842695 -33.32920321]
37,1,2,2,[-79.53779619 -31.53779619 -31.53779619 -31.17804245 -33.36298156]
37,1,3,2,[-79.5292703  -31.5292703  -31.5292703  -31.17318864 -33.36163141]
37,1,4,2,[-79.5219669  -31.5219669  -31.5219669  -31.15263247 -33.35311046]
37,1,5,2,[-79.51800638 -31.51800638 -31.51800638 -31.11327538 -33.33561669]
37,1,6,2,[-79.51764052 -31.51764052 -31.51764052 -31.07505173 -33.31875843]
37,2,1,2,[18.08799091 12.73660059 20.21797696 23.85218821 20.2041475 ]
37,2,2,2,[17.84548628 12.38361858 20.21213745 23.44266589 20.19677138]
37,2,3,2,[17.58442333 12.24168623 20.21403574 23.36321348 20.19696233]
37,2,4,2,[17.52509711 12.09079143 20.22466645 23.28248358 20.20569599]
37,2,5,2,[17.45608538 12.04213242 20.23338465 23.31179221 20.21230637]
37,2,6,2,[17.48745044 11.98542967 20.24000519 23.34084193 20.21658487]
37,3,1,2,[43.36270271 45.5        37.97192542 36.55936833 50.        ]
37,3,2,2,[43.12522524 45.5        37.63799552 36.1845834  50.        ]
37,3,3,2,[42.86136138 45.5        37.40520557 36.01868122 50.        ]
37,3,4,2,[42.79040153 45.5        37.15324015 35.84233679 50.        ]
37,3,5,2,[42.71155725 45.5        37.10293418 35.8775     50.        ]
37,3,6,2,[42.73506362 45.5        37.04356961 35.91470766 50.        ]
38,1,1,2,[-79.64522111 -31.64522111 -31.64522111 -31.26127262 -33.2599915 ]
38,1,2,2,[-79.63582171 -31.63582171 -31.63582171 -31.29454287 -33.29609947]
38,1,3,2,[-79.62439363 -31.62439363 -31.62439363 -31.30386777 -33.29788579]
38,1,4,2,[-79.61231948 -31.61231948 -31.61231948 -31.29795901 -33.29325081]
38,1,5,2,[-79.60146835 -31.60146835 -31.60146835 -31.27366277 -33.28031008]
38,1,6,2,[-79.59181817 -31.59181817 -31.59181817 -31.25086314 -33.26856479]
38,2,1,2,[18.09399741 12.78933127 20.22500361 23.70015629 20.20358224]
38,2,2,2,[17.86656446 12.44103769 20.23434912 23.3062042  20.2105476 ]
38,2,3,2,[17.62031527 12.30286821 20.25118712 23.24506018 20.22474098]
38,2,4,2,[17.57521365 12.15478305 20.27618237 23.18550513 20.24679777]
38,2,5,2,[17.52007257 12.10792639 20.2989267  23.23314041 20.26627714]
38,2,6,2,[17.56454362 12.05200353 20.31882599 23.28403481 20.28254871]
38,3,1,2,[43.59526523 45.5        38.28697022 36.79429174 50.        ]
38,3,2,2,[43.38362803 45.5        37.99238308 36.44507744 50.        ]
38,3,3,2,[43.14847559 45.5        37.80378929 36.30752796 50.        ]
38,3,4,2,[43.10941733 45.5        37.60146621 36.16262086 50.        ]
38,3,5,2,[43.06601925 45.5        37.60691346 36.23264146 50.        ]
38,3,6,2,[43.12891028 45.5        37.61015804 36.30849848 50.        ]
39,1,1,2,[-79.64039359 -31.64039359 -31.64039359 -31.22121558 -33.22106172]
39,1,2,2,[-79.63538013 -31.63538013 -31.63538013 -31.24791024 -33.24829499]
39,1,3,2,[-79.62947305 -31.62947305 -31.62947305 -31.2510988  -33.24036648]
39,1,4,2,[-79.62407371 -31.62407371 -31.62407371 -31.24007069 -33.22522077]
39,1,5,2,[-79.62099331 -31.62099331 -31.62099331 -31.21241817 -33.20106359]
39,1,6,2,[-79.62004538 -31.62004538 -31.62004538 -31.18897335 -33.17754562]
39,2,1,2,[17.84785976 12.58184782 20.06781336 23.62735339 20.05362904]
39,2,2,2,[17.60252582 12.22110894 20.06914093 23.21670023 20.05338058]
39,2,3,2,[17.33844387 12.06907565 20.07912732 23.13606673 20.06161582]
39,2,4,2,[17.27592051 11.90529407 20.09890213 23.05384635 20.07944491]
39,2,5,2,[17.20358257 11.84044421 20.11800659 23.08101262 20.09638746]
39,2,6,2,[17.23159364 11.7636353  20.13650921 23.10682422 20.11248795]
39,3,1,2,[43.53323525 45.5        38.17150515 36.75103375 50.        ]
39,3,2,2,[43.31470583 45.5        37.86988491 36.40038903 50.        ]
39,3,3,2,[43.07189537 45.5        37.6741206  36.26162531 50.        ]
39,3,4,2,[43.02432819 45.5        37.4645459  36.11578583 50.        ]
39,3,5,2,[42.97147577 45.5        37.46273088 36.18523357 50.        ]
39,3,6,2,[43.02386196 45.5        37.45878973 36.26096863 50.        ]
