Step,Agent,Horizon,Num_States,MostCommonAction,ActionDistribution,Sample_State,Sample_Q
0,0,1,5,2,"{2: 4, 3: 1}","(0, 5)",[-30.02242763  17.96813428  17.97805807 -16.59548293 -61.86829776]
0,0,2,5,2,"{2: 4, 3: 1}","(0, 5)",[-29.73113457  18.25837866  18.2694051  -16.60059205 -61.72219548]
0,0,3,5,2,"{2: 4, 3: 1}","(0, 5)",[-29.43838345  18.54996458  18.56221618 -16.58992315 -61.57371599]
0,0,4,5,2,"{2: 4, 3: 1}","(0, 5)",[-29.14416758  18.84288578  18.85649867 -16.55963767 -61.42266479]
0,0,5,5,2,"{2: 4, 3: 1}","(0, 5)",[-28.84848031  19.13713454  19.15225997 -16.52867826 -61.26882612]
0,0,6,5,2,"{2: 4, 3: 1}","(0, 5)",[-28.55131502  19.43270147  19.44950751 -16.49696458 -61.11196058]
0,1,1,5,4,{4: 5},"(2, 1)",[ 40.60429641  35.66136951  35.59683774 -26.06622617  45.09736244]
0,1,2,5,4,{4: 5},"(2, 1)",[ 40.59428067  35.52466487  35.46710952 -25.68401382  44.94151382]
0,1,3,5,4,{4: 5},"(2, 1)",[ 40.6014306   35.39158845  35.33130301 -25.29199332  44.76834869]
0,1,4,5,4,{4: 5},"(2, 1)",[ 40.61795607  35.25194862  35.29978684 -24.889239    44.6870541 ]
0,1,5,5,4,{4: 5},"(2, 1)",[ 40.63412386  35.20548691  35.27409078 -24.47472315  44.70783789]
0,1,6,5,4,{4: 5},"(2, 1)",[ 40.64965046  35.26248163  35.24431806 -24.04730471  44.73093098]
0,2,1,5,1,{1: 5},"(4, 4)",[25.0517912  30.46923234 22.13024773 27.73219629 21.99206463]
0,2,2,5,1,{1: 5},"(4, 4)",[25.19520429 30.27481409 21.96074299 27.84009883 21.80707945]
0,2,3,5,1,{1: 5},"(4, 4)",[25.37536311 30.07765784 21.79140804 27.98080148 21.62052992]
0,2,4,5,1,{1: 5},"(4, 4)",[25.58593295 29.9791942  21.62327619 28.14753115 21.54271014]
0,2,5,5,1,{1: 5},"(4, 4)",[25.48648217 29.97998949 21.44698581 28.33270239 21.46663263]
0,2,6,5,1,{1: 5},"(4, 4)",[25.48707501 29.98015435 21.36218415 28.53843081 21.38192626]
1,2,1,5,1,"{1: 4, 3: 1}","(2, 3)",[39.52310688 44.84374492 39.26759373 41.30382072 34.71556825]
1,2,2,5,1,{1: 5},"(2, 3)",[39.42270423 44.65971658 39.13880073 41.40127516 34.51165702]
1,2,3,5,1,{1: 5},"(2, 3)",[39.43211201 44.56635175 39.00555257 41.51941305 34.52183986]
1,2,4,5,1,{1: 5},"(2, 3)",[39.44178691 44.57372417 38.85672086 41.64989917 34.53263282]
1,2,5,5,1,{1: 5},"(2, 3)",[39.45167213 44.58191574 38.69048762 41.79401909 34.54413705]
1,2,6,5,1,{1: 5},"(2, 3)",[39.46169496 44.59101749 38.50482329 41.95319158 34.55647877]
2,2,1,5,1,"{1: 4, 3: 1}","(2, 3)",[39.69470855 44.9788708  40.1038834  43.86800508 34.77741256]
2,2,2,5,1,"{1: 4, 3: 1}","(2, 3)",[39.59752465 44.80985644 40.05216338 43.57556119 34.57595419]
2,2,3,5,1,"{1: 4, 3: 1}","(2, 3)",[39.49763682 44.73317382 40.00279096 43.36173466 34.5852122 ]
2,2,4,5,1,"{1: 4, 3: 1}","(2, 3)",[39.50675509 44.64797092 39.95692636 43.12414962 34.59490827]
2,2,5,5,1,"{1: 4, 3: 1}","(2, 3)",[39.51515105 44.66441213 39.90423023 42.97127736 34.60520866]
2,2,6,5,1,"{1: 4, 3: 1}","(2, 3)",[39.52255159 44.68268014 39.84375068 42.80141929 34.61633149]
3,2,1,5,1,"{1: 4, 3: 1}","(2, 3)",[39.79779465 45.02127473 40.41287006 44.6726733  34.85375085]
3,2,2,5,1,"{1: 4, 3: 1}","(2, 3)",[39.70709146 44.85697192 40.39050858 44.469637   34.65299482]
3,2,3,5,1,"{1: 4, 3: 1}","(2, 3)",[39.61385183 44.78552436 40.37320419 44.35515222 34.66275208]
3,2,4,5,1,"{1: 4, 3: 1}","(2, 3)",[39.62974301 44.70613818 40.36235674 44.22794691 34.67275533]
3,2,5,5,1,"{1: 4, 3: 1}","(2, 3)",[39.6449822  44.72904242 40.34788634 44.19771879 34.68319398]
3,2,6,5,1,"{1: 4, 3: 1}","(2, 3)",[39.65922833 44.75449158 40.32912182 44.16413199 34.69432484]
4,2,1,5,1,"{1: 4, 3: 1}","(2, 3)",[39.73478553 44.95793393 40.46957932 44.89979704 34.84451748]
4,2,2,5,1,"{1: 4, 3: 1}","(2, 3)",[39.64451019 44.78659326 40.46094774 44.72199671 34.6433357 ]
4,2,3,5,1,"{1: 4, 3: 1}","(2, 3)",[39.55257137 44.70732584 40.4597242  44.6355519  34.65566388]
4,2,4,5,1,"{1: 4, 3: 1}","(2, 3)",[39.57082503 44.61925094 40.46766151 44.53950211 34.66796052]
4,2,5,5,1,"{1: 4, 3: 1}","(2, 3)",[39.58970826 44.63250104 40.47508213 44.54389124 34.68021405]
4,2,6,5,1,"{1: 4, 3: 1}","(2, 3)",[39.6091356  44.64722338 40.48177323 44.54876804 34.69242711]
5,2,1,5,1,"{1: 3, 3: 2}","(2, 3)",[39.69120485 44.93973343 40.45196707 44.93100739 34.82419313]
5,2,2,5,1,"{1: 3, 3: 2}","(2, 3)",[39.59822184 44.76637047 40.44351319 44.75667488 34.61917193]
5,2,3,5,1,"{1: 3, 3: 2}","(2, 3)",[39.50351168 44.68485608 40.4427243  44.6740832  34.63077231]
5,2,4,5,1,"{1: 3, 3: 2}","(2, 3)",[39.51894961 44.59428454 40.45140807 44.58231467 34.64219957]
5,2,5,5,1,"{1: 3, 3: 2}","(2, 3)",[39.53499706 44.6047606  40.45995091 44.59146074 34.65338873]
5,2,6,5,1,"{1: 3, 3: 2}","(2, 3)",[39.55159889 44.61640066 40.46821427 44.60162304 34.66427552]
6,2,1,5,1,{1: 5},"(3, 3)",[34.96027119 39.81455966 29.5839118  36.61109792 30.21683913]
6,2,2,5,1,{1: 5},"(3, 3)",[34.88568859 39.6121207  29.43490792 36.7199405  30.00688071]
6,2,3,5,1,{1: 5},"(3, 3)",[34.92393969 39.51729332 29.39143954 36.85088626 30.01636848]
6,2,4,5,1,{1: 5},"(3, 3)",[34.96484459 39.5324164  29.46662137 36.99478522 30.02510495]
6,2,5,5,1,{1: 5},"(3, 3)",[35.00865916 39.54790889 29.56407259 37.15303764 30.03290627]
6,2,6,5,1,{1: 5},"(3, 3)",[35.05567875 39.56366617 29.68546772 37.3272104  30.03955191]
7,2,1,5,1,"{1: 4, 3: 1}","(3, 3)",[34.86164739 39.87626332 29.81542998 35.92074405 30.22958437]
7,2,2,5,1,"{1: 4, 3: 1}","(3, 3)",[34.76905845 39.67889245 29.60958481 35.94583252 30.02502504]
7,2,3,5,1,"{1: 4, 3: 1}","(3, 3)",[34.78672909 39.58949763 29.49458999 35.98314471 30.04120717]
7,2,4,5,1,"{1: 4, 3: 1}","(3, 3)",[34.80415295 39.61043616 29.4810634  36.02239253 30.05793529]
7,2,5,5,1,"{1: 4, 3: 1}","(3, 3)",[34.8212213  39.63214501 29.46975833 36.06370973 30.07520762]
7,2,6,5,1,"{1: 4, 3: 1}","(3, 3)",[34.83782256 39.65453686 29.46158491 36.10725414 30.09300449]
8,2,1,5,1,"{1: 4, 3: 1}","(3, 3)",[34.82765335 39.84741657 30.17646042 35.73157307 30.25434139]
8,2,2,5,1,"{1: 4, 3: 1}","(3, 3)",[34.7343849  39.64954677 29.98332162 35.73874014 30.05006752]
8,2,3,5,1,"{1: 4, 3: 1}","(3, 3)",[34.75132729 39.5598983  29.87906986 35.75616645 30.06566806]
8,2,4,5,1,"{1: 4, 3: 1}","(3, 3)",[34.76793647 39.58088909 29.87373043 35.77331331 30.08118797]
8,2,5,5,1,"{1: 4, 3: 1}","(3, 3)",[34.78405432 39.60302725 29.86736079 35.79002858 30.09651384]
8,2,6,5,1,"{1: 4, 3: 1}","(3, 3)",[34.79950556 39.62630858 29.86005731 35.80614363 30.11150417]
9,2,1,5,1,"{1: 4, 3: 1}","(3, 3)",[34.76335811 39.79910884 30.27208764 35.63599179 30.22791041]
9,2,2,5,1,"{1: 4, 3: 1}","(3, 3)",[34.66846735 39.59723683 30.09038616 35.63806033 30.0235457 ]
9,2,3,5,1,"{1: 4, 3: 1}","(3, 3)",[34.68406055 39.50329315 29.99830207 35.65027497 30.03908163]
9,2,4,5,1,"{1: 4, 3: 1}","(3, 3)",[34.69965661 39.51968004 30.00583046 35.66211708 30.05446195]
9,2,5,5,1,"{1: 4, 3: 1}","(3, 3)",[34.71516895 39.53689004 30.01297926 35.67345836 30.06953513]
9,2,6,5,1,"{1: 4, 3: 1}","(3, 3)",[34.73050344 39.55490374 30.01977186 35.68415834 30.08411388]
10,2,1,5,1,"{1: 4, 3: 1}","(3, 3)",[34.73641072 39.78186245 30.2868302  35.6039566  30.20467651]
10,2,2,5,1,"{1: 4, 3: 1}","(3, 3)",[34.64038103 39.57966096 30.10803339 35.6043209  30.00411027]
10,2,3,5,1,"{1: 4, 3: 1}","(3, 3)",[34.6547288  39.48552751 30.01911949 35.61466199 30.01438733]
10,2,4,5,1,"{1: 4, 3: 1}","(3, 3)",[34.66894261 39.50189946 30.03010659 35.62442393 30.02443403]
10,2,5,5,1,"{1: 4, 3: 1}","(3, 3)",[34.6828979 39.5193105 30.0410298 35.6334327 30.0342663]
10,2,6,5,1,"{1: 4, 3: 1}","(3, 3)",[34.69645323 39.53778945 30.0519452  35.6414919  30.04391835]
11,2,1,5,1,"{1: 4, 3: 1}","(3, 3)",[34.77528271 39.82955675 30.31556009 35.63432012 30.21719216]
11,2,2,5,1,"{1: 4, 3: 1}","(3, 3)",[34.67816699 39.63086754 30.13799373 35.63265301 30.02014141]
11,2,3,5,1,"{1: 4, 3: 1}","(3, 3)",[34.69091709 39.54043805 30.05084083 35.64034599 30.03091617]
11,2,4,5,1,"{1: 4, 3: 1}","(3, 3)",[34.70294458 39.56070488 30.06426559 35.64675448 30.04202848]
11,2,5,5,1,"{1: 4, 3: 1}","(3, 3)",[34.7140397  39.58219844 30.07847725 35.65160625 30.05365979]
11,2,6,5,1,"{1: 4, 3: 1}","(3, 3)",[34.723967   39.60494111 30.09373834 35.65459649 30.06604165]
12,2,1,5,1,"{1: 4, 3: 1}","(3, 3)",[34.77065261 39.82850016 30.28555621 35.63928353 30.18481205]
12,2,2,5,1,"{1: 4, 3: 1}","(3, 3)",[34.67337935 39.6274863  30.10593625 35.63852481 29.98509774]
12,2,3,5,1,"{1: 4, 3: 1}","(3, 3)",[34.68625292 39.53422862 30.01657462 35.64752566 29.9943041 ]
12,2,4,5,1,"{1: 4, 3: 1}","(3, 3)",[34.69877808 39.55108051 30.02758836 35.65574779 30.00382487]
12,2,5,5,1,"{1: 4, 3: 1}","(3, 3)",[34.71085864 39.56847691 30.03912337 35.6630472  30.01381008]
12,2,6,5,1,"{1: 4, 3: 1}","(3, 3)",[34.72239691 39.58633077 30.05135845 35.66927309 30.02444434]
13,2,1,5,1,"{1: 4, 3: 1}","(3, 3)",[34.72365262 39.78405506 30.30391866 35.59759033 30.17689264]
13,2,2,5,1,"{1: 4, 3: 1}","(3, 3)",[34.62613609 39.58031727 30.12477968 35.59717798 29.97517378]
13,2,3,5,1,"{1: 4, 3: 1}","(3, 3)",[34.63903287 39.48427905 30.03522271 35.60685719 29.98424534]
13,2,4,5,1,"{1: 4, 3: 1}","(3, 3)",[34.65188107 39.49831484 30.04517714 35.61613031 29.99313596]
13,2,5,5,1,"{1: 4, 3: 1}","(3, 3)",[34.66461877 39.512886   30.05456782 35.62489572 30.00185578]
13,2,6,5,1,"{1: 4, 3: 1}","(3, 3)",[34.67718293 39.52793823 30.0633143  35.63304621 30.0104248 ]
14,2,1,5,1,"{1: 4, 3: 1}","(3, 3)",[34.70851399 39.77524054 30.26392182 35.5815502  30.15396496]
14,2,2,5,1,"{1: 4, 3: 1}","(3, 3)",[34.61030588 39.57093371 30.08470893 35.58034611 29.94851079]
14,2,3,5,1,"{1: 4, 3: 1}","(3, 3)",[34.62249616 39.4743088  29.99544431 35.58920753 29.95855913]
14,2,4,5,1,"{1: 4, 3: 1}","(3, 3)",[34.63462282 39.48774337 30.00613297 35.59763546 29.96885498]
14,2,5,5,1,"{1: 4, 3: 1}","(3, 3)",[34.6466234  39.5017028  30.01678754 35.60552632 29.97948481]
14,2,6,5,1,"{1: 4, 3: 1}","(3, 3)",[34.65843367 39.51613786 30.02742932 35.61277025 29.99055657]
15,2,1,5,1,"{1: 4, 3: 1}","(3, 3)",[34.77263078 39.82770931 30.3137961  35.62583129 30.211224  ]
15,2,2,5,1,"{1: 4, 3: 1}","(3, 3)",[34.67518533 39.63119989 30.1370054  35.62318589 30.01209662]
15,2,3,5,1,"{1: 4, 3: 1}","(3, 3)",[34.68728542 39.54345739 30.05085595 35.62950826 30.02215913]
15,2,4,5,1,"{1: 4, 3: 1}","(3, 3)",[34.69824446 39.56700421 30.06558953 35.63404762 30.03257042]
15,2,5,5,1,"{1: 4, 3: 1}","(3, 3)",[34.70773319 39.59246937 30.08151511 35.63640337 30.04356747]
15,2,6,5,1,"{1: 4, 3: 1}","(3, 3)",[34.71537143 39.61998846 30.0990223  35.63611607 30.05545856]
16,2,1,5,1,"{1: 4, 3: 1}","(3, 3)",[34.75901788 39.81474296 30.31220778 35.62613643 30.1911186 ]
16,2,2,5,1,"{1: 4, 3: 1}","(3, 3)",[34.66200137 39.61280677 30.13277672 35.62546644 29.99022776]
16,2,3,5,1,"{1: 4, 3: 1}","(3, 3)",[34.6752613  39.51859163 30.04314273 35.63466692 29.99899218]
16,2,4,5,1,"{1: 4, 3: 1}","(3, 3)",[34.68832013 39.53445454 30.05330698 35.64321527 30.00772422]
16,2,5,5,1,"{1: 4, 3: 1}","(3, 3)",[34.70110087 39.55083523 30.06327915 35.65098436 30.01649099]
16,2,6,5,1,"{1: 4, 3: 1}","(3, 3)",[34.71352649 39.56765292 30.07307847 35.65784148 30.02537979]
17,2,1,5,1,"{1: 4, 3: 1}","(3, 3)",[34.80532012 39.85554493 30.36625443 35.65615827 30.23459845]
17,2,2,5,1,"{1: 4, 3: 1}","(3, 3)",[34.70856753 39.65904572 30.19075606 35.65394325 30.03872292]
17,2,3,5,1,"{1: 4, 3: 1}","(3, 3)",[34.72147243 39.57097205 30.10584505 35.66077879 30.0495035 ]
17,2,4,5,1,"{1: 4, 3: 1}","(3, 3)",[34.73340472 39.59377033 30.12172692 35.66596734 30.06076194]
17,2,5,5,1,"{1: 4, 3: 1}","(3, 3)",[34.74410726 39.61798093 30.13866134 35.66917684 30.07274106]
17,2,6,5,1,"{1: 4, 3: 1}","(3, 3)",[34.75329091 39.64363622 30.15697199 35.67003488 30.08574789]
18,2,1,5,1,"{1: 4, 3: 1}","(3, 3)",[34.69929772 39.76463187 30.25903572 35.58048262 30.16748394]
18,2,2,5,1,"{1: 4, 3: 1}","(3, 3)",[34.60132359 39.5590157  30.07822848 35.58041792 29.96202454]
18,2,3,5,1,"{1: 4, 3: 1}","(3, 3)",[34.61392894 39.46092146 29.98692638 35.59070043 29.96953218]
18,2,4,5,1,"{1: 4, 3: 1}","(3, 3)",[34.62669083 39.47270733 29.99503726 35.60088137 29.97638834]
18,2,5,5,1,"{1: 4, 3: 1}","(3, 3)",[34.63959247 39.48481695 30.00245823 35.61091529 29.9824905 ]
18,2,6,5,1,"{1: 4, 3: 1}","(3, 3)",[34.65262297 39.49717677 30.00907355 35.62075944 29.98772418]
19,2,1,5,1,"{1: 4, 3: 1}","(3, 3)",[34.7079412  39.76525237 30.23645053 35.58385939 30.1752614 ]
19,2,2,5,1,"{1: 4, 3: 1}","(3, 3)",[34.61058118 39.56229623 30.05533292 35.58382361 29.96484129]
19,2,3,5,1,"{1: 4, 3: 1}","(3, 3)",[34.62352651 39.46744548 29.96400298 35.59379587 29.97328607]
19,2,4,5,1,"{1: 4, 3: 1}","(3, 3)",[34.63625197 39.48315511 29.97247892 35.60321793 29.98136928]
19,2,5,5,1,"{1: 4, 3: 1}","(3, 3)",[34.64861542 39.4999799  29.98079802 35.61191093 29.98850475]
19,2,6,5,1,"{1: 4, 3: 1}","(3, 3)",[34.66045324 39.51797372 29.98902126 35.61967048 29.99439598]
20,2,1,5,1,"{1: 4, 3: 1}","(3, 3)",[34.72557288 39.79499933 30.2583812  35.59497192 30.1978933 ]
20,2,2,5,1,"{1: 4, 3: 1}","(3, 3)",[34.62704818 39.5918896  30.07851703 35.59304712 29.98943738]
20,2,3,5,1,"{1: 4, 3: 1}","(3, 3)",[34.63875801 39.49648389 29.98877188 35.60097906 30.0003096 ]
20,2,4,5,1,"{1: 4, 3: 1}","(3, 3)",[34.65022086 39.51114989 29.99921047 35.60824424 30.0109603 ]
20,2,5,5,1,"{1: 4, 3: 1}","(3, 3)",[34.66135389 39.52634062 30.00991629 35.6147132  30.02106667]
20,2,6,5,1,"{1: 4, 3: 1}","(3, 3)",[34.67207187 39.54199164 30.02099422 35.62024889 30.03047107]
21,2,1,5,1,"{1: 4, 3: 1}","(3, 3)",[34.73003008 39.77872028 30.30118296 35.59076343 30.2159884 ]
21,2,2,5,1,"{1: 4, 3: 1}","(3, 3)",[34.63361107 39.57663277 30.12444125 35.58998147 30.01589441]
21,2,3,5,1,"{1: 4, 3: 1}","(3, 3)",[34.64750746 39.48267742 30.0378302  35.59903013 30.02626728]
21,2,4,5,1,"{1: 4, 3: 1}","(3, 3)",[34.66119283 39.49930442 30.05140041 35.60732912 30.03625669]
21,2,5,5,1,"{1: 4, 3: 1}","(3, 3)",[34.67452433 39.51706239 30.06522471 35.61467577 30.04584722]
21,2,6,5,1,"{1: 4, 3: 1}","(3, 3)",[34.68733842 39.53599739 30.07940303 35.62084002 30.05503788]
22,2,1,5,1,"{1: 4, 3: 1}","(3, 3)",[34.77582121 39.83599957 30.30700876 35.63721785 30.21412337]
22,2,2,5,1,"{1: 4, 3: 1}","(3, 3)",[34.67808615 39.63730181 30.12795963 35.63519353 30.01646719]
22,2,3,5,1,"{1: 4, 3: 1}","(3, 3)",[34.69015759 39.54678232 30.03917072 35.64249912 30.02653578]
22,2,4,5,1,"{1: 4, 3: 1}","(3, 3)",[34.70145102 39.56685972 30.05078836 35.64849716 30.03689891]
22,2,5,5,1,"{1: 4, 3: 1}","(3, 3)",[34.71176321 39.58804342 30.06300052 35.6529256  30.04773377]
22,2,6,5,1,"{1: 4, 3: 1}","(3, 3)",[34.72086859 39.61033141 30.07604422 35.65549346 30.05926558]
23,2,1,5,1,"{1: 4, 3: 1}","(3, 3)",[34.85157365 39.90449083 30.38484884 35.69814922 30.2663651 ]
23,2,2,5,1,"{1: 4, 3: 1}","(3, 3)",[34.75420072 39.71361053 30.2068462  35.69484025 30.07257874]
23,2,3,5,1,"{1: 4, 3: 1}","(3, 3)",[34.76575523 39.63180015 30.11932262 35.69979915 30.08172694]
23,2,4,5,1,"{1: 4, 3: 1}","(3, 3)",[34.77545015 39.66157993 30.13256824 35.70216561 30.09132778]
23,2,5,5,1,"{1: 4, 3: 1}","(3, 3)",[34.78284529 39.69357249 30.14695643 35.70141803 30.10172539]
23,2,6,5,1,"{1: 4, 3: 1}","(3, 3)",[34.78743846 39.72790192 30.16296005 35.69696372 30.11336078]
24,2,1,5,1,"{1: 4, 3: 1}","(3, 3)",[34.88246382 39.89298759 30.44131163 35.72034032 30.31803755]
24,2,2,5,1,"{1: 4, 3: 1}","(3, 3)",[34.78970838 39.7023819  30.26726164 35.72068227 30.12800085]
24,2,3,5,1,"{1: 4, 3: 1}","(3, 3)",[34.80634301 39.62104917 30.18375221 35.72964733 30.13924553]
24,2,4,5,1,"{1: 4, 3: 1}","(3, 3)",[34.82160625 39.65155137 30.20104641 35.73638884 30.15061279]
24,2,5,5,1,"{1: 4, 3: 1}","(3, 3)",[34.83508121 39.68455963 30.21948701 35.74039519 30.16235881]
24,2,6,5,1,"{1: 4, 3: 1}","(3, 3)",[34.84628561 39.72025427 30.23951296 35.74107893 30.17482514]
25,2,1,5,1,"{1: 4, 3: 1}","(3, 3)",[34.86815003 39.8822522  30.43370432 35.71344367 30.30940882]
25,2,2,5,1,"{1: 4, 3: 1}","(3, 3)",[34.77537778 39.68747404 30.26080155 35.71459293 30.12300509]
25,2,3,5,1,"{1: 4, 3: 1}","(3, 3)",[34.79251804 39.60117416 30.17856675 35.72497931 30.13706487]
25,2,4,5,1,"{1: 4, 3: 1}","(3, 3)",[34.80896449 39.62578944 30.19721153 35.73392146 30.15164744]
25,2,5,5,1,"{1: 4, 3: 1}","(3, 3)",[34.8244877  39.65184795 30.2170024  35.74110656 30.16698574]
25,2,6,5,1,"{1: 4, 3: 1}","(3, 3)",[34.83883099 39.6793665  30.23827045 35.74618527 30.18337429]
26,2,1,5,1,"{1: 4, 3: 1}","(3, 3)",[34.84027759 39.85843019 30.3936592  35.69139076 30.26684548]
26,2,2,5,1,"{1: 4, 3: 1}","(3, 3)",[34.74717488 39.66126521 30.21989854 35.69285618 30.07349528]
26,2,3,5,1,"{1: 4, 3: 1}","(3, 3)",[34.76422486 39.57234222 30.13678835 35.70387075 30.08670016]
26,2,4,5,1,"{1: 4, 3: 1}","(3, 3)",[34.78087526 39.59407504 30.15451483 35.71381513 30.10049573]
26,2,5,5,1,"{1: 4, 3: 1}","(3, 3)",[34.79695938 39.61696648 30.17331045 35.72244813 30.11510528]
26,2,6,5,1,"{1: 4, 3: 1}","(3, 3)",[34.81229315 39.64100572 30.1934618  35.72950287 30.13080722]
27,2,1,5,1,"{1: 4, 3: 1}","(3, 3)",[34.78476626 39.80338531 30.357352   35.64411209 30.23550576]
27,2,2,5,1,"{1: 4, 3: 1}","(3, 3)",[34.69155197 39.60388934 30.18122094 35.64638067 30.03564174]
27,2,3,5,1,"{1: 4, 3: 1}","(3, 3)",[34.70870695 39.51279692 30.09499838 35.65851662 30.04674331]
27,2,4,5,1,"{1: 4, 3: 1}","(3, 3)",[34.72567914 39.53258656 30.10871325 35.66991211 30.05775039]
27,2,5,5,1,"{1: 4, 3: 1}","(3, 3)",[34.74229391 39.55383814 30.12241835 35.68033054 30.0687417 ]
27,2,6,5,1,"{1: 4, 3: 1}","(3, 3)",[34.75834872 39.57663221 30.13619615 35.68950053 30.07983183]
28,2,1,5,1,"{1: 4, 3: 1}","(3, 3)",[34.70240142 39.77609367 30.2528908  35.57927169 30.15814673]
28,2,2,5,1,"{1: 4, 3: 1}","(3, 3)",[34.60363475 39.56979096 30.07322952 35.57793506 29.95296266]
28,2,3,5,1,"{1: 4, 3: 1}","(3, 3)",[34.61546303 39.47071612 29.98351303 35.58690781 29.96392758]
28,2,4,5,1,"{1: 4, 3: 1}","(3, 3)",[34.62750204 39.48117044 29.99371789 35.59577402 29.97521549]
28,2,5,5,1,"{1: 4, 3: 1}","(3, 3)",[34.63978503 39.49153169 30.00381512 35.60453168 29.98687824]
28,2,6,5,1,"{1: 4, 3: 1}","(3, 3)",[34.65236474 39.50165013 30.01376756 35.61319435 29.99897251]
29,2,1,5,1,"{1: 4, 3: 1}","(3, 3)",[34.78623505 39.86492144 30.31469418 35.64170013 30.21173671]
29,2,2,5,1,"{1: 4, 3: 1}","(3, 3)",[34.68646642 39.66752909 30.13640886 35.63698319 30.01196858]
29,2,3,5,1,"{1: 4, 3: 1}","(3, 3)",[34.69614762 39.57824806 30.0488092  35.64116625 30.02233031]
29,2,4,5,1,"{1: 4, 3: 1}","(3, 3)",[34.70466484 39.59946594 30.06213936 35.64357443 30.03347057]
29,2,5,5,1,"{1: 4, 3: 1}","(3, 3)",[34.71178623 39.62165511 30.07670011 35.64390799 30.04568166]
29,2,6,5,1,"{1: 4, 3: 1}","(3, 3)",[34.71725903 39.64476945 30.09285788 35.64183877 30.05932156]
30,2,1,5,1,"{1: 4, 3: 1}","(3, 3)",[34.85124847 39.89546144 30.36901362 35.70377648 30.25417307]
30,2,2,5,1,"{1: 4, 3: 1}","(3, 3)",[34.75493988 39.703185   30.18947664 35.70219323 30.05548104]
30,2,3,5,1,"{1: 4, 3: 1}","(3, 3)",[34.76784534 39.61977972 30.10013931 35.70923795 30.06460317]
30,2,4,5,1,"{1: 4, 3: 1}","(3, 3)",[34.7792335  39.64773887 30.11122835 35.71411417 30.07422903]
30,2,5,5,1,"{1: 4, 3: 1}","(3, 3)",[34.78872923 39.67765463 30.12304019 35.71637442 30.08469125]
30,2,6,5,1,"{1: 4, 3: 1}","(3, 3)",[34.79590628 39.70961663 30.13595466 35.71551205 30.09641297]
31,2,1,5,1,"{1: 4, 3: 1}","(3, 3)",[34.85582164 39.89031013 30.3991221  35.70942646 30.2787747 ]
31,2,2,5,1,"{1: 4, 3: 1}","(3, 3)",[34.76103212 39.69360774 30.22159269 35.70948191 30.08039055]
31,2,3,5,1,"{1: 4, 3: 1}","(3, 3)",[34.77618972 39.60485654 30.13417109 35.71891171 30.09027135]
31,2,4,5,1,"{1: 4, 3: 1}","(3, 3)",[34.79075746 39.62640005 30.14696731 35.72711523 30.10027919]
31,2,5,5,1,"{1: 4, 3: 1}","(3, 3)",[34.80459431 39.64865871 30.1601225  35.73388072 30.11056831]
31,2,6,5,1,"{1: 4, 3: 1}","(3, 3)",[34.81755488 39.67152545 30.17381321 35.73898423 30.12133246]
32,2,1,5,1,"{1: 4, 3: 1}","(3, 3)",[34.82400971 39.8535073  30.36518157 35.68761887 30.26429785]
32,2,2,5,1,"{1: 4, 3: 1}","(3, 3)",[34.72974492 39.65515032 30.18762836 35.68931066 30.06400549]
32,2,3,5,1,"{1: 4, 3: 1}","(3, 3)",[34.74565107 39.5648312  30.10015072 35.70072411 30.07436796]
32,2,4,5,1,"{1: 4, 3: 1}","(3, 3)",[34.76120269 39.58493313 30.11283575 35.71128384 30.08470476]
32,2,5,5,1,"{1: 4, 3: 1}","(3, 3)",[34.77626656 39.60592401 30.12579887 35.72080118 30.09511614]
32,2,6,5,1,"{1: 4, 3: 1}","(3, 3)",[34.79070001 39.62775318 30.13918852 35.72907181 30.10573427]
33,2,1,5,1,"{1: 4, 3: 1}","(3, 3)",[34.75363397 39.80386847 30.30981732 35.62410647 30.21942347]
33,2,2,5,1,"{1: 4, 3: 1}","(3, 3)",[34.65731271 39.60055302 30.13243815 35.62450438 30.01888772]
33,2,3,5,1,"{1: 4, 3: 1}","(3, 3)",[34.67150889 39.50478638 30.04518772 35.63505519 30.03075009]
33,2,4,5,1,"{1: 4, 3: 1}","(3, 3)",[34.6857922  39.51890427 30.05809611 35.64528809 30.04274142]
33,2,5,5,1,"{1: 4, 3: 1}","(3, 3)",[34.70014062 39.53332261 30.07120188 35.65513605 30.05490458]
33,2,6,5,1,"{1: 4, 3: 1}","(3, 3)",[34.714541   39.54793386 30.08455231 35.66453593 30.06729249]
34,2,1,5,1,"{1: 4, 3: 1}","(3, 3)",[34.78684191 39.88209574 30.28032851 35.66172591 30.1970151 ]
34,2,2,5,1,"{1: 4, 3: 1}","(3, 3)",[34.68587072 39.67956062 30.09834325 35.65796406 29.99266648]
34,2,3,5,1,"{1: 4, 3: 1}","(3, 3)",[34.6949016  39.58378194 30.00670738 35.66389419 30.00017928]
34,2,4,5,1,"{1: 4, 3: 1}","(3, 3)",[34.70355019 39.59690973 30.01554586 35.66909752 30.00804733]
34,2,5,5,1,"{1: 4, 3: 1}","(3, 3)",[34.71186849 39.60914268 30.02499713 35.67358774 30.01639313]
34,2,6,5,1,"{1: 4, 3: 1}","(3, 3)",[34.71995233 39.62011986 30.03521056 35.67741817 30.02534799]
35,2,1,5,1,"{1: 4, 3: 1}","(3, 3)",[34.80332689 39.8658639  30.31293038 35.67629832 30.21237285]
35,2,2,5,1,"{1: 4, 3: 1}","(3, 3)",[34.70570416 39.66519102 30.13131634 35.67567241 30.00640037]
35,2,3,5,1,"{1: 4, 3: 1}","(3, 3)",[34.71819413 39.57188881 30.03959917 35.68482553 30.01357384]
35,2,4,5,1,"{1: 4, 3: 1}","(3, 3)",[34.73034795 39.5882208  30.04783439 35.69327172 30.02076079]
35,2,5,5,1,"{1: 4, 3: 1}","(3, 3)",[34.74213206 39.60451681 30.05609075 35.70093625 30.02805721]
35,2,6,5,1,"{1: 4, 3: 1}","(3, 3)",[34.75353131 39.62056724 30.06445009 35.70775818 30.03557754]
36,2,1,5,1,"{1: 4, 3: 1}","(3, 3)",[34.79756602 39.83520438 30.32208135 35.6623322  30.24247555]
36,2,2,5,1,"{1: 4, 3: 1}","(3, 3)",[34.70233763 39.63644375 30.14469842 35.66318894 30.04291114]
36,2,3,5,1,"{1: 4, 3: 1}","(3, 3)",[34.71720132 39.54585725 30.0577496  35.67370278 30.05257467]
36,2,4,5,1,"{1: 4, 3: 1}","(3, 3)",[34.73160479 39.56586334 30.07139847 35.68327307 30.06210517]
36,2,5,5,1,"{1: 4, 3: 1}","(3, 3)",[34.74538057 39.5869713  30.08585194 35.69167866 30.07158894]
36,2,6,5,1,"{1: 4, 3: 1}","(3, 3)",[34.75834285 39.60917901 30.10136774 35.69867406 30.0811454 ]
37,2,1,5,1,"{1: 4, 3: 1}","(3, 3)",[34.76724541 39.78728233 30.3102512  35.62923471 30.23080595]
37,2,2,5,1,"{1: 4, 3: 1}","(3, 3)",[34.67380907 39.58754999 30.13249892 35.63157496 30.03073186]
37,2,3,5,1,"{1: 4, 3: 1}","(3, 3)",[34.69072684 39.49636746 30.0446933  35.64380005 30.04223447]
37,2,4,5,1,"{1: 4, 3: 1}","(3, 3)",[34.70742579 39.5162487  30.05689279 35.65528492 30.05361029]
37,2,5,5,1,"{1: 4, 3: 1}","(3, 3)",[34.72370374 39.53781506 30.06918828 35.66576943 30.06492942]
37,2,6,5,1,"{1: 4, 3: 1}","(3, 3)",[34.7393224  39.56119556 30.08171099 35.67495095 30.07629933]
38,2,1,5,1,"{1: 4, 3: 1}","(3, 3)",[34.74279149 39.8024326  30.26641622 35.6124126  30.19624018]
38,2,2,5,1,"{1: 4, 3: 1}","(3, 3)",[34.64528944 39.60032632 30.08739103 35.61153512 29.99431913]
38,2,3,5,1,"{1: 4, 3: 1}","(3, 3)",[34.65801576 39.50605528 29.99867875 35.62051096 30.0041172 ]
38,2,4,5,1,"{1: 4, 3: 1}","(3, 3)",[34.67047265 39.52200393 30.01039111 35.62880065 30.01392336]
38,2,5,5,1,"{1: 4, 3: 1}","(3, 3)",[34.68255717 39.5386442  30.02266854 35.63625495 30.02380384]
38,2,6,5,1,"{1: 4, 3: 1}","(3, 3)",[34.6941595  39.55593287 30.03568464 35.64271258 30.03384672]
39,2,1,5,1,"{1: 4, 3: 1}","(3, 3)",[34.74867795 39.79615304 30.28859798 35.61323194 30.20501147]
39,2,2,5,1,"{1: 4, 3: 1}","(3, 3)",[34.65234479 39.59544881 30.11007348 35.61296033 30.00598217]
39,2,3,5,1,"{1: 4, 3: 1}","(3, 3)",[34.66618083 39.50296891 30.02166492 35.62242032 30.01558108]
39,2,4,5,1,"{1: 4, 3: 1}","(3, 3)",[34.6796333  39.52116694 30.03345913 35.63101051 30.0249905 ]
39,2,5,5,1,"{1: 4, 3: 1}","(3, 3)",[34.69252979 39.54059455 30.04557455 35.63850447 30.03426627]
39,2,6,5,1,"{1: 4, 3: 1}","(3, 3)",[34.70467363 39.56130031 30.05816765 35.64464549 30.04349324]
